Date,Open,High,Low,Close,Volume,EMA_40,EMA_100,ADX,RSI,OBV,ATR,NATR,TRANGE,macd_line,macd_9_day,macd_diff,ma_50_day,ma_200_day,ma_50_200,returns,direction,rtn_lag1,rtn_lag2,rtn_lag3,rtn_lag4,rtn_lag5,rtn_lag1_bin,rtn_lag2_bin,rtn_lag3_bin,rtn_lag4_bin,rtn_lag5_bin,pos_svm,strategy_svm
2021-05-20,178.0,180.0,176.0,177.0,13528200,203.75,245.94,31.680867750786007,26.329540375519716,14038965200.0,7.052674645844052,3.984561946804549,4.0,-8.234112199126827,-7.023230934646343,-1.2108812644804834,212.68,212.15,0.5300000000000011,-0.00563381771825602,-1.0,-0.027702602549335823,-0.005449604767564703,-0.058063800954761206,-0.005115100666770377,0.005115100666770409,0,0,0,0,1,-1.0,0.00563381771825602
2021-05-21,177.0,179.0,166.0,168.0,42290000,201.8,244.9,33.7786524260332,21.964633444502596,13996675200.0,7.477483599712334,4.450883095066866,13.0,-9.348826808525104,-7.488350109422096,-1.8604766991030077,211.04,211.98,-0.9399999999999977,-0.05218575317057019,-1.0,-0.00563381771825602,-0.027702602549335823,-0.005449604767564703,-0.058063800954761206,-0.005115100666770377,0,0,0,0,0,-1.0,0.05218575317057019
2021-05-24,168.0,173.0,167.0,170.0,31384700,200.0,243.9,35.726595338762735,24.942452136394515,14028059900.0,7.3719490568757395,4.336440621691612,6.0,-9.95609521408187,-7.981899130354051,-1.9741960837278185,209.48,211.82,-2.3400000000000034,0.011834457647002798,1.0,-0.05218575317057019,-0.00563381771825602,-0.027702602549335823,-0.005449604767564703,-0.058063800954761206,0,0,0,0,0,1.0,0.011834457647002798
2021-05-25,170.0,178.0,170.0,177.0,35182800,198.425,243.13,36.344787973838486,34.380694669419604,14063242700.0,7.416809838527472,4.190288044365804,8.0,-9.76001097098154,-8.33752149847955,-1.42248947250199,208.14,211.685,-3.545000000000016,0.04035129552356745,1.0,0.011834457647002798,-0.05218575317057019,-0.00563381771825602,-0.027702602549335823,-0.005449604767564703,1,0,0,0,0,1.0,0.04035129552356745
2021-05-27,177.0,182.0,176.0,180.0,24647400,197.075,242.27,36.07451739873035,37.98013889661829,14087890100.0,7.31560913577551,4.064227297653061,6.0,-9.255842279424513,-8.521185654668542,-0.7346566247559707,206.9,211.575,-4.674999999999983,0.01680711831638119,1.0,0.04035129552356745,0.011834457647002798,-0.05218575317057019,-0.00563381771825602,-0.027702602549335823,1,1,0,0,0,1.0,0.01680711831638119
2021-05-28,181.0,183.0,169.0,176.0,16757100,195.525,241.13,36.467436226524725,35.207090928568455,14071133000.0,7.793065626077259,4.427878196634806,14.0,-9.074446953795245,-8.631837914493884,-0.4426090393013613,205.5,211.455,-5.9550000000000125,-0.02247285585205863,-1.0,0.01680711831638119,0.04035129552356745,0.011834457647002798,-0.05218575317057019,-0.00563381771825602,1,1,1,0,0,-1.0,0.02247285585205863
2021-05-31,176.0,181.0,175.0,179.0,10758700,194.25,240.08,36.83228942376236,38.81528368966881,14081891700.0,7.6649895099288825,4.282117044653007,6.0,-8.5895993687148,-8.623390205338067,0.03379083662326643,204.12,211.355,-7.234999999999985,0.016901810802603254,1.0,-0.02247285585205863,0.01680711831638119,0.04035129552356745,0.011834457647002798,-0.05218575317057019,0,1,1,1,0,1.0,0.016901810802603254
2021-06-02,179.0,189.0,178.0,188.0,35140600,193.5,239.22,35.64910766817495,48.14482503337015,14117032300.0,7.9032045449339625,4.203832204752108,11.0,-7.393897136885812,-8.377491591647615,0.9835944547618034,202.92,211.3,-8.380000000000024,0.04905615698919421,1.0,0.016901810802603254,-0.02247285585205863,0.01680711831638119,0.04035129552356745,0.011834457647002798,1,0,1,1,1,1.0,0.04905615698919421
2021-06-03,188.0,195.0,187.0,188.0,26309400,192.9,238.18,33.61934860542939,48.14482503337016,14117032300.0,7.910118506010108,4.207509843622398,8.0,-6.372832457966979,-7.976559764911488,1.603727306944509,201.6,211.245,-9.64500000000001,0.0,-1.0,0.04905615698919421,0.016901810802603254,-0.02247285585205863,0.01680711831638119,0.04035129552356745,1,1,0,1,1,-1.0,-0.0
2021-06-04,188.0,191.0,186.0,189.0,12861700,192.325,237.21,31.86101814885234,49.1441012114117,14129894000.0,7.7022528984379575,4.075266083829607,5.0,-5.420456057583664,-7.465339023445924,2.04488296586226,200.3,211.26,-10.95999999999998,0.005305052229693098,1.0,0.0,0.04905615698919421,0.016901810802603254,-0.02247285585205863,0.01680711831638119,1,1,1,0,1,-1.0,-0.005305052229693098
2021-06-07,189.0,194.0,186.0,187.0,18062000,192.05,236.14,29.77614588776815,47.185627076210984,14111832000.0,7.723520548549532,4.130224892272477,8.0,-4.772064791669834,-6.926684177090706,2.1546193854208724,199.04,211.33,-12.29000000000002,-0.010638398205055754,-1.0,0.005305052229693098,0.0,0.04905615698919421,0.016901810802603254,-0.02247285585205863,1,1,1,1,0,-1.0,0.010638398205055754
2021-06-08,189.0,189.0,180.0,181.0,25744500,191.575,234.87,28.613050571899244,41.80337836230349,14086087500.0,7.814697652224566,4.317512515041196,9.0,-4.688315910493259,-6.479010523771216,1.7906946132779575,197.74,211.34,-13.599999999999994,-0.03261158558876089,-1.0,-0.010638398205055754,0.005305052229693098,0.0,0.04905615698919421,0.016901810802603254,0,1,1,1,1,-1.0,0.03261158558876089
2021-06-09,181.0,184.0,179.0,179.0,7234300,191.175,233.48,27.653917913574123,40.15900510413384,14078853200.0,7.613647819922811,4.253434536269727,5.0,-4.728816748198284,-6.128971768656631,1.4001550204583468,196.48,211.34,-14.860000000000014,-0.011111225425070722,-1.0,-0.03261158558876089,-0.010638398205055754,0.005305052229693098,0.0,0.04905615698919421,0,0,1,1,1,-1.0,0.011111225425070722
2021-06-10,180.0,182.0,178.0,179.0,22137600,190.675,232.07,26.88829751157065,40.15900510413385,14078853200.0,7.355530118499753,4.109234703072487,4.0,-4.706658524198559,-5.844509119765017,1.1378505955664577,195.26,211.385,-16.125,0.0,-1.0,-0.011111225425070722,-0.03261158558876089,-0.010638398205055754,0.005305052229693098,0.0,0,0,0,1,1,1.0,0.0
2021-06-11,180.0,183.0,180.0,183.0,14607400,190.25,230.76,25.995798782012002,45.16242159077971,14093460600.0,7.115849395749771,3.888442292759438,4.0,-4.3165726390227235,-5.538921823616559,1.2223491845938357,194.24,211.475,-17.234999999999985,0.02210034700066592,1.0,0.0,-0.011111225425070722,-0.03261158558876089,-0.010638398205055754,0.005305052229693098,1,0,0,0,1,1.0,0.02210034700066592
2021-06-14,183.0,183.0,177.0,178.0,11706600,189.95,229.36,25.568308687952484,40.593449510353565,14081754000.0,7.036145867481929,3.952890936787601,6.0,-4.360618482386087,-5.303261155370465,0.9426426729843778,193.04,211.5,-18.460000000000008,-0.027702602549335823,-1.0,0.02210034700066592,0.0,-0.011111225425070722,-0.03261158558876089,-0.010638398205055754,1,1,0,0,0,-1.0,0.027702602549335823
2021-06-15,178.0,178.0,174.0,177.0,18873600,189.675,228.01,25.548471229959695,39.72778363160884,14062880400.0,6.819278305518934,3.852699607637816,4.0,-4.4252057558772435,-5.127650075471821,0.7024443195945773,191.98,211.54,-19.560000000000002,-0.00563381771825602,-1.0,-0.027702602549335823,0.02210034700066592,0.0,-0.011111225425070722,-0.03261158558876089,0,1,1,0,0,-1.0,0.00563381771825602
2021-06-16,176.0,178.0,173.0,174.0,21273800,189.15,226.51,25.65356435454254,37.16708328303152,14041606600.0,6.689329855124725,3.84444244547398,5.0,-4.6646948646708495,-5.035059033311627,0.37036416864077726,191.1,211.565,-20.465000000000003,-0.017094433359300068,-1.0,-0.00563381771825602,-0.027702602549335823,0.02210034700066592,0.0,-0.011111225425070722,0,0,1,1,0,-1.0,0.017094433359300068
2021-06-17,173.0,174.0,170.0,171.0,20154200,188.475,225.02,26.113837759488003,34.75461512154522,14021452400.0,6.497234865472959,3.7995525529081626,4.0,-5.038486105296357,-5.0357444477085735,-0.0027416575877836635,190.28,211.575,-21.294999999999987,-0.01739174271186922,-1.0,-0.017094433359300068,-0.00563381771825602,-0.027702602549335823,0.02210034700066592,0.0,0,0,0,1,1,-1.0,0.01739174271186922
2021-06-18,171.0,171.0,165.0,166.0,32934800,187.65,223.62,27.07967896814981,31.12810252102971,13988517600.0,6.461718089367748,3.8926012586552696,6.0,-5.672784244187625,-5.163152407004384,-0.5096318371832407,189.36,211.53,-22.169999999999987,-0.029675768146116666,-1.0,-0.01739174271186922,-0.017094433359300068,-0.00563381771825602,-0.027702602549335823,0.02210034700066592,0,0,0,0,1,-1.0,0.029675768146116666
2021-06-21,175.0,175.0,158.0,161.0,29173500,186.625,222.09,28.59474279087923,27.983515200093468,13959344100.0,7.214452511555765,4.481026404693022,17.0,-6.503954760479189,-5.431312877699345,-1.0726418827798438,188.62,211.47,-22.849999999999994,-0.030583423372080278,-1.0,-0.029675768146116666,-0.01739174271186922,-0.017094433359300068,-0.00563381771825602,-0.027702602549335823,0,0,0,0,0,-1.0,0.030583423372080278
2021-06-22,162.0,167.0,161.0,163.0,24876100,185.725,220.62,30.00158776912798,30.986742562875726,13984220200.0,7.127705903587496,4.37282570772239,6.0,-6.92149342981898,-5.729348988123273,-1.1921444416957074,187.88,211.41,-23.53,0.012345835822299362,1.0,-0.030583423372080278,-0.029675768146116666,-0.01739174271186922,-0.017094433359300068,-0.00563381771825602,0,0,0,0,0,1.0,0.012345835822299362
2021-06-23,162.0,166.0,161.0,164.0,20169200,184.9,219.3,31.307943820358965,32.50239405008525,14004389400.0,6.975726910474103,4.2534920185817695,5.0,-7.0899753681356685,-6.001474264125752,-1.0885011040099162,187.26,211.355,-24.095,0.006116227017436054,1.0,0.012345835822299362,-0.030583423372080278,-0.029675768146116666,-0.01739174271186922,-0.017094433359300068,1,0,0,0,0,1.0,0.006116227017436054
2021-06-24,164.0,164.0,159.0,161.0,14805000,184.025,218.13,32.70076861753921,30.349029453568697,13989584400.0,6.834603559725953,4.245095378711772,5.0,-7.380495685983419,-6.277278548497287,-1.1032171374861326,186.5,211.295,-24.794999999999987,-0.018462062839735442,-1.0,0.006116227017436054,0.012345835822299362,-0.030583423372080278,-0.029675768146116666,-0.01739174271186922,1,1,0,0,0,-1.0,0.018462062839735442
2021-06-25,161.0,162.0,159.0,160.0,10721400,183.1,217.05,33.99410592920658,29.6440076272319,13978863000.0,6.560703305459813,4.100439565912383,3.0,-7.60377518645123,-6.542577876088077,-1.061197310363153,185.7,211.245,-25.545000000000016,-0.006230549750636086,-1.0,-0.018462062839735442,0.006116227017436054,0.012345835822299362,-0.030583423372080278,-0.029675768146116666,0,1,1,0,0,-1.0,0.006230549750636086
2021-06-28,160.0,163.0,149.0,150.0,53482200,181.85,215.69,35.96851861899459,23.71190249809124,13925380800.0,7.092081640784111,4.728054427189408,14.0,-8.489777357057562,-6.9320177722819745,-1.5577595847755878,184.9,211.14,-26.23999999999998,-0.06453852113757118,-1.0,-0.006230549750636086,-0.018462062839735442,0.006116227017436054,0.012345835822299362,-0.030583423372080278,0,0,1,1,0,-1.0,0.06453852113757118
2021-06-29,150.0,158.0,149.0,152.0,34657700,180.55,214.55,37.801901830940594,26.86412638123509,13960038500.0,7.228361523585247,4.755501002358715,9.0,-8.92764484277987,-7.331143186381554,-1.596501656398316,184.18,211.06,-26.879999999999995,0.013245226750020723,1.0,-0.06453852113757118,-0.006230549750636086,-0.018462062839735442,0.006116227017436054,0.012345835822299362,0,0,0,1,1,1.0,0.013245226750020723
2021-06-30,152.0,155.0,150.0,151.0,27534500,179.275,213.56,39.50432909917617,26.279429349838214,13932504000.0,7.069192843329158,4.681584664456396,5.0,-9.248735951618926,-7.714661739429029,-1.5340742121898971,183.3,210.975,-27.674999999999983,-0.006600684031352024,-1.0,0.013245226750020723,-0.06453852113757118,-0.006230549750636086,-0.018462062839735442,0.006116227017436054,1,0,0,0,1,-1.0,0.006600684031352024
2021-07-01,151.0,155.0,150.0,151.0,26993100,177.85,212.45,41.08515441968063,26.279429349838217,13932504000.0,6.921393354519933,4.583704208291346,5.0,-9.394904359380348,-8.050710263419294,-1.344194095961054,182.36,210.895,-28.534999999999997,0.0,-1.0,-0.006600684031352024,0.013245226750020723,-0.06453852113757118,-0.006230549750636086,-0.018462062839735442,0,1,0,0,0,1.0,0.0
2021-07-02,151.0,154.0,151.0,151.0,11212300,176.575,211.46,42.55306364586334,26.279429349838217,13932504000.0,6.641293829197081,4.398207833905351,3.0,-9.402359330026712,-8.321040076740777,-1.081319253285935,181.4,210.815,-29.414999999999992,0.0,-1.0,0.0,-0.006600684031352024,0.013245226750020723,-0.06453852113757118,-0.006230549750636086,1,0,1,0,0,-1.0,-0.0
2021-07-05,151.0,154.0,145.0,146.0,19609800,175.225,210.38,44.35618205704417,23.134936999400978,13912894200.0,6.809772841397289,4.664227973559787,9.0,-9.69991112378068,-8.596814286148758,-1.103096837631922,180.28,210.725,-30.444999999999993,-0.033673215106587835,-1.0,0.0,0.0,-0.006600684031352024,0.013245226750020723,-0.06453852113757118,1,1,0,1,0,-1.0,0.033673215106587835
2021-07-06,146.0,148.0,145.0,147.0,22400900,173.85,209.33,46.030506295997796,25.066137694812873,13935295100.0,6.537646209868911,4.4473783740604835,3.0,-9.742723371037698,-8.825996103126547,-0.9167272679111509,179.24,210.65,-31.409999999999997,0.006825965070399891,1.0,-0.033673215106587835,0.0,0.0,-0.006600684031352024,0.013245226750020723,0,1,1,0,1,-1.0,-0.006825965070399891
2021-07-07,147.0,150.0,144.0,146.0,21493900,172.525,208.21,46.88465188833042,24.40578510120532,13913801200.0,6.499242909163989,4.451536239153417,6.0,-9.745009623207324,-9.009798807142703,-0.7352108160646207,178.22,210.57,-32.349999999999994,-0.006825965070399871,-1.0,0.006825965070399891,-0.033673215106587835,0.0,0.0,-0.006600684031352024,1,0,1,1,0,-1.0,0.006825965070399871
2021-07-08,146.0,148.0,144.0,145.0,12863200,171.15,206.92,47.6777870812107,23.732473413450915,13900938000.0,6.320725558509419,4.359121074834082,4.0,-9.715518685468908,-9.150942782807943,-0.5645759026609642,177.2,210.5,-33.30000000000001,-0.006872879287762064,-1.0,-0.006825965070399871,0.006825965070399891,-0.033673215106587835,0.0,0.0,0,1,0,1,1,-1.0,0.006872879287762064
2021-07-09,145.0,146.0,143.0,145.0,14539200,169.9,205.75,48.51264983835921,23.73247341345092,13900938000.0,6.083530875758746,4.1955385350060315,3.0,-9.581695088261114,-9.237093243898578,-0.34460184436253627,176.16,210.485,-34.32500000000002,0.0,-1.0,-0.006872879287762064,-0.006825965070399871,0.006825965070399891,-0.033673215106587835,0.0,0,0,1,0,1,-1.0,-0.0
2021-07-12,145.0,147.0,143.0,143.0,22216900,168.575,204.46,48.899683975746356,22.305133038674636,13878721100.0,5.934707241775979,4.150144924318867,4.0,-9.527198593716406,-9.295114313862143,-0.23208427985426283,175.02,210.45,-35.42999999999998,-0.01388911216066715,-1.0,0.0,-0.006872879287762064,-0.006825965070399871,0.006825965070399891,-0.033673215106587835,1,0,0,1,0,-1.0,0.01388911216066715
2021-07-13,143.0,146.0,140.0,140.0,13982100,167.2,203.16,49.58564314871005,20.329993719475343,13864739000.0,5.939371010220553,4.242407864443252,6.0,-9.615246085526508,-9.359140668195016,-0.25610541733149184,173.74,210.38,-36.639999999999986,-0.021202207650602937,-1.0,-0.01388911216066715,0.0,-0.006872879287762064,-0.006825965070399871,0.006825965070399891,0,1,0,0,1,-1.0,0.021202207650602937
2021-07-14,140.0,143.0,137.0,141.0,34433200,166.125,201.81,50.50880562777007,22.784481845399657,13899172200.0,5.943701652347656,4.215391242799756,6.0,-9.494881629417307,-9.386288860439475,-0.10859276897783232,172.52,210.33,-37.81,0.007117467768863955,1.0,-0.021202207650602937,-0.01388911216066715,0.0,-0.006872879287762064,-0.006825965070399871,0,0,1,0,0,1.0,0.007117467768863955
2021-07-15,141.0,142.0,139.0,140.0,11375400,165.05,200.43,51.366027929754374,22.052812675239984,13887796800.0,5.733437248608538,4.09531232043467,3.0,-9.372147293383989,-9.383460547028378,0.01131325364438851,171.16,210.29,-39.129999999999995,-0.0071174677688639896,-1.0,0.007117467768863955,-0.021202207650602937,-0.01388911216066715,0.0,-0.006872879287762064,1,0,0,1,0,-1.0,0.0071174677688639896
2021-07-16,140.0,141.0,138.0,140.0,13880500,164.1,199.15,52.2583814980011,22.052812675239988,13887796800.0,5.538191730850785,3.9558512363219887,3.0,-9.169182815940388,-9.34060500081078,0.1714221848703925,169.92,210.26,-40.34,0.0,-1.0,-0.0071174677688639896,0.007117467768863955,-0.021202207650602937,-0.01388911216066715,0.0,0,1,0,0,1,-1.0,-0.0
2021-07-19,138.0,139.0,131.0,132.0,74369100,162.975,197.81,53.637845192404804,16.990570527451528,13813427700.0,5.785463750075729,4.382927083390704,9.0,-9.543849589271616,-9.381253918502948,-0.16259567076866865,168.56,210.145,-41.58500000000001,-0.058840500022933465,-1.0,0.0,-0.0071174677688639896,0.007117467768863955,-0.021202207650602937,-0.01388911216066715,1,0,1,0,0,-1.0,0.058840500022933465
2021-07-21,132.0,143.0,127.0,140.0,140689000,162.275,196.57,54.91877576577967,33.44382957484726,13954116700.0,6.515073482213176,4.653623915866555,16.0,-9.090453476191783,-9.323093830040715,0.23264035384893234,167.32,210.105,-42.785,0.058840500022933395,1.0,-0.058840500022933465,0.0,-0.0071174677688639896,0.007117467768863955,-0.021202207650602937,0,1,0,1,0,1.0,0.058840500022933395
2021-07-22,141.0,145.0,138.0,140.0,39788900,161.525,195.27,55.29891616594843,33.44382957484725,13954116700.0,6.549711090626521,4.678365064733229,7.0,-8.631633689862099,-9.184801802004992,0.5531681121428935,166.14,210.08,-43.940000000000026,0.0,-1.0,0.058840500022933395,-0.058840500022933465,0.0,-0.0071174677688639896,0.007117467768863955,1,0,1,0,1,-1.0,-0.0
2021-07-23,141.0,141.0,137.0,138.0,19716500,160.55,193.97,55.74942096573361,31.626296906113655,13934400200.0,6.367588869867483,4.614194833237307,4.0,-8.333337461941568,-9.014508933992309,0.6811714720507407,164.9,210.05,-45.150000000000006,-0.014388737452099556,-1.0,0.0,0.058840500022933395,-0.058840500022933465,0.0,-0.0071174677688639896,1,1,0,1,0,-1.0,0.014388737452099556
2021-07-26,139.0,139.0,134.0,135.0,18958900,159.425,192.68,56.44160350219202,29.073914861469557,13915441300.0,6.269903950591234,4.644373296734248,5.0,-8.243979021696816,-8.86040295153321,0.6164239298363938,163.7,210.035,-46.33500000000001,-0.02197890671877523,-1.0,-0.014388737452099556,0.0,0.058840500022933395,-0.058840500022933465,0.0,0,1,1,0,1,-1.0,0.02197890671877523
2021-07-27,135.0,139.0,134.0,134.0,21069500,158.375,191.38,57.084344428903385,28.255334687821765,13894371800.0,6.179196525549004,4.611340690708212,5.0,-8.159792448608215,-8.720280850948212,0.5604884023399972,162.46,209.995,-47.535,-0.00743497848751809,-1.0,-0.02197890671877523,-0.014388737452099556,0.0,0.058840500022933395,-0.058840500022933465,0,0,1,1,0,-1.0,0.00743497848751809
2021-07-28,138.0,138.0,131.0,132.0,15837600,157.2,190.12,57.93739453044909,26.6398453863331,13878534200.0,6.237825345152646,4.725625261479277,7.0,-8.1603893791102,-8.60830255658061,0.4479131774704097,161.2,209.955,-48.755000000000024,-0.015037877364540559,-1.0,-0.00743497848751809,-0.02197890671877523,-0.014388737452099556,0.0,0.058840500022933395,0,0,0,1,1,-1.0,0.015037877364540559
2021-07-29,132.0,134.0,130.0,131.0,14987200,155.775,188.77,58.80898127729453,25.844196689753907,13863547000.0,6.077980677641742,4.63967990659675,4.0,-8.147633249114818,-8.516168695087451,0.36853544597263266,160.14,209.915,-49.775000000000006,-0.007604599385219304,-1.0,-0.015037877364540559,-0.00743497848751809,-0.02197890671877523,-0.014388737452099556,0.0,0,0,0,0,1,-1.0,0.007604599385219304
2021-07-30,131.0,134.0,130.0,131.0,17530300,154.35,187.46,59.61831182793672,25.844196689753907,13863547000.0,5.929553486381617,4.52637670716154,4.0,-8.04478860881511,-8.421892677832982,0.3771040690178715,159.1,209.885,-50.785,0.0,-1.0,-0.007604599385219304,-0.015037877364540559,-0.00743497848751809,-0.02197890671877523,-0.014388737452099556,0,0,0,0,0,1.0,0.0
2021-08-02,131.0,134.0,129.0,130.0,21192100,152.875,186.18,60.45513386930021,24.978962988664595,13842354900.0,5.86315680878293,4.5101206221407155,5.0,-7.952305900787508,-8.327975322423887,0.3756694216363794,158.14,209.835,-51.69500000000002,-0.007662872745569137,-1.0,0.0,-0.007604599385219304,-0.015037877364540559,-0.00743497848751809,-0.02197890671877523,1,0,0,0,0,-1.0,0.007662872745569137
2021-08-03,130.0,134.0,130.0,133.0,16059900,151.525,184.97,61.232182907709166,32.30140563807142,13858414800.0,5.730074179584149,4.30832645081515,4.0,-7.549907130671443,-8.172361684073397,0.6224545534019548,157.26,209.815,-52.55500000000001,0.022814677766171264,1.0,-0.007662872745569137,0.0,-0.007604599385219304,-0.015037877364540559,-0.00743497848751809,0,1,0,0,0,1.0,0.022814677766171264
2021-08-04,136.0,136.0,130.0,131.0,14863100,150.275,183.78,60.91482951389569,30.186099000379198,13843551700.0,5.749354595328138,4.388820301777205,6.0,-7.308142770829278,-7.999517901424573,0.6913751305952953,156.52,209.78,-53.25999999999999,-0.01515180502060222,-1.0,0.022814677766171264,-0.007662872745569137,0.0,-0.007604599385219304,-0.015037877364540559,1,0,1,0,0,-1.0,0.01515180502060222
2021-08-05,131.0,134.0,130.0,132.0,21683400,149.1,182.62,60.62014421964032,32.56402449157181,13865235100.0,5.624400695661842,4.260909617925638,4.0,-6.955670491513274,-7.790748419442314,0.8350779279290403,155.76,209.715,-53.95500000000001,0.0076045993852192125,1.0,-0.01515180502060222,0.022814677766171264,-0.007662872745569137,0.0,-0.007604599385219304,0,1,0,1,0,1.0,0.0076045993852192125
2021-08-06,133.0,145.0,131.0,140.0,56602000,148.125,181.58,56.41247632158375,47.86340024368345,13921837100.0,6.222657788828854,4.444755563449181,14.0,-5.962073457957871,-7.425013427145427,1.4629399691875564,155.02,209.675,-54.655,0.058840500022933395,1.0,0.0076045993852192125,-0.01515180502060222,0.022814677766171264,-0.007662872745569137,0.0,1,0,1,0,1,1.0,0.058840500022933395
2021-08-09,140.0,142.0,133.0,134.0,32821200,146.9,180.5,52.50535613053123,40.451022873591654,13889015900.0,6.421039375341079,4.791820429359014,9.0,-5.594302865195573,-7.058871314755457,1.4645684495598843,154.1,209.605,-55.504999999999995,-0.04380262265839289,-1.0,0.058840500022933395,0.0076045993852192125,-0.01515180502060222,0.022814677766171264,-0.007662872745569137,1,1,0,1,0,-1.0,0.04380262265839289
2021-08-10,134.0,136.0,131.0,133.0,17087300,145.775,179.37,49.36147908497525,39.357041687125935,13871928600.0,6.319536562816716,4.751531250238132,5.0,-5.322182852459349,-6.711533622296235,1.389350769836886,153.24,209.455,-56.215,-0.007490671729157626,-1.0,-0.04380262265839289,0.058840500022933395,0.0076045993852192125,-0.01515180502060222,0.022814677766171264,0,1,1,0,1,-1.0,0.007490671729157626
2021-08-12,133.0,137.0,133.0,134.0,20531100,144.7,178.23,46.164699589645124,41.0732788628237,13892459700.0,6.153855379758379,4.5924293878793865,4.0,-4.968559676071067,-6.362938833051202,1.3943791569801354,152.34,209.31,-56.97,0.007490671729157659,1.0,-0.007490671729157626,-0.04380262265839289,0.058840500022933395,0.0076045993852192125,-0.01515180502060222,0,0,1,1,0,1.0,0.007490671729157659
2021-08-13,135.0,136.0,133.0,134.0,12809700,143.7,177.09,43.19626148683858,41.0732788628237,13892459700.0,5.928579995489923,4.424313429470092,3.0,-4.6348827182047785,-6.017327610081918,1.3824448918771397,151.26,209.14,-57.879999999999995,0.0,-1.0,0.007490671729157659,-0.007490671729157626,-0.04380262265839289,0.058840500022933395,0.0076045993852192125,1,0,0,1,1,-1.0,-0.0
2021-08-16,134.0,136.0,131.0,132.0,14380700,142.725,175.87,40.96235133019773,38.543145338784626,13878079000.0,5.86225285295493,4.441100646177977,5.0,-4.480179885480993,-5.709898065161734,1.2297181796807406,150.14,208.975,-58.83500000000001,-0.015037877364540559,-1.0,0.0,0.007490671729157659,-0.007490671729157626,-0.04380262265839289,0.058840500022933395,1,1,0,0,1,-1.0,0.015037877364540559
2021-08-18,132.0,136.0,130.0,135.0,27275500,141.95,174.68,39.13747583694732,44.10515531371613,13905354500.0,5.87209193488672,4.349697729545719,6.0,-4.068601542059412,-5.38163876054127,1.313037218481858,149.06,208.855,-59.79499999999999,0.022472855852058576,1.0,-0.015037877364540559,0.0,0.007490671729157659,-0.007490671729157626,-0.04380262265839289,0,1,1,0,0,1.0,0.022472855852058576
2021-08-19,134.0,135.0,131.0,132.0,14580700,141.225,173.5,37.44294859321479,40.18823241845943,13890773800.0,5.738371082394812,4.347250819996069,4.0,-3.9390902867626494,-5.093129065785546,1.1540387790228968,147.96,208.69,-60.72999999999999,-0.02247285585205863,-1.0,0.022472855852058576,-0.015037877364540559,0.0,0.007490671729157659,-0.007490671729157626,1,0,1,1,0,-1.0,0.02247285585205863
2021-08-20,132.0,133.0,129.0,131.0,9848300,140.425,172.35,36.37835861368277,38.9466121843331,13880925500.0,5.614201719366611,4.285650167455429,4.0,-3.87250351652429,-4.849003955933295,0.9765004394090049,146.96,208.515,-61.55499999999998,-0.007604599385219304,-1.0,-0.02247285585205863,0.022472855852058576,-0.015037877364540559,0.0,0.007490671729157659,0,1,0,1,1,-1.0,0.007604599385219304
2021-08-23,132.0,134.0,131.0,134.0,17448500,139.675,171.27,35.01006007166497,44.48758402603083,13898374000.0,5.427473025126139,4.050353003825477,3.0,-3.536887061021048,-4.586580576950846,1.049693515929798,146.06,208.37,-62.31,0.022642476749759752,1.0,-0.007604599385219304,-0.02247285585205863,0.022472855852058576,-0.015037877364540559,0.0,0,0,1,0,1,1.0,0.022642476749759752
2021-08-24,135.0,138.0,133.0,135.0,24622900,139.025,170.22,32.59764737921633,46.23906887984056,13922996900.0,5.39693923761713,3.9977327686052817,5.0,-3.153861210572387,-4.300036703675154,1.146175493102767,145.18,208.225,-63.04499999999999,0.0074349784875179905,1.0,0.022642476749759752,-0.007604599385219304,-0.02247285585205863,0.022472855852058576,-0.015037877364540559,1,0,0,1,0,1.0,0.0074349784875179905
2021-08-25,136.0,143.0,136.0,141.0,65801800,138.55,169.29,31.591384287628426,55.3432224003773,13988798700.0,5.582872149215907,3.9594837937701475,8.0,-2.3391958153710277,-3.9078685260143287,1.568672710643301,144.34,208.14,-63.79999999999998,0.04348511193973889,1.0,0.0074349784875179905,0.022642476749759752,-0.007604599385219304,-0.02247285585205863,0.022472855852058576,1,1,0,0,1,1.0,0.04348511193973889
2021-08-26,142.0,144.0,135.0,136.0,39652200,138.2,168.27,30.65699713115394,48.04197476429291,13949146500.0,5.8269527099862,4.2845240514604415,9.0,-2.073128103285967,-3.540920441468657,1.46779233818269,143.5,208.045,-64.54499999999999,-0.03610500464211632,-1.0,0.04348511193973889,0.0074349784875179905,0.022642476749759752,-0.007604599385219304,-0.02247285585205863,1,1,1,0,0,-1.0,0.03610500464211632
2021-08-27,136.0,137.0,131.0,132.0,52211200,137.7,167.29,28.60749353260123,43.13882034327678,13896935300.0,5.839313230701471,4.423722144470811,6.0,-2.160133421700408,-3.264763037515007,1.104629615814599,142.6,207.925,-65.32500000000002,-0.02985296314968116,-1.0,-0.03610500464211632,0.04348511193973889,0.0074349784875179905,0.022642476749759752,-0.007604599385219304,0,1,1,1,0,-1.0,0.02985296314968116
2021-08-30,134.0,135.0,132.0,135.0,25133300,137.3,166.46,26.704383048230856,47.46909598413389,13922068600.0,5.636505142794222,4.175188994662387,3.0,-1.9643668373048797,-3.004683797472982,1.0403169601681022,141.82,207.825,-66.005,0.022472855852058576,1.0,-0.02985296314968116,-0.03610500464211632,0.04348511193973889,0.0074349784875179905,0.022642476749759752,0,0,1,1,1,1.0,0.022472855852058576
2021-08-31,135.0,137.0,133.0,134.0,20385300,136.875,165.68,25.461684978314302,46.20592887036472,13901683300.0,5.519611918308921,4.119113371872329,4.0,-1.8683745921254342,-2.777421956403473,0.9090473642780386,141.08,207.75,-66.66999999999999,-0.00743497848751809,-1.0,0.022472855852058576,-0.02985296314968116,-0.03610500464211632,0.04348511193973889,0.0074349784875179905,1,0,0,1,1,-1.0,0.00743497848751809
2021-09-01,133.0,137.0,133.0,135.0,19495400,136.475,164.91,24.30775105624893,47.70457209221284,13921178700.0,5.411068209858284,4.008198673969099,4.0,-1.6921028947099046,-2.560358144064759,0.8682552493548545,140.46,207.625,-67.16499999999999,0.0074349784875179905,1.0,-0.00743497848751809,0.022472855852058576,-0.02985296314968116,-0.03610500464211632,0.04348511193973889,0,1,0,0,1,1.0,0.0074349784875179905
2021-09-02,135.0,136.0,132.0,133.0,16611400,136.15,164.26,22.91125733256077,45.00415333682749,13904567300.0,5.310277623439835,3.992689942435966,4.0,-1.6942592241454975,-2.387138360080907,0.6928791359354096,139.9,207.52,-67.62,-0.014925650216675706,-1.0,0.0074349784875179905,-0.00743497848751809,0.022472855852058576,-0.02985296314968116,-0.03610500464211632,1,0,1,0,0,-1.0,0.014925650216675706
2021-09-03,133.0,136.0,133.0,136.0,15562700,135.875,163.62,21.614513160564616,49.611768214623496,13920130000.0,5.145257793194133,3.7832777891133325,3.0,-1.4373246192970441,-2.1971756119241346,0.7598509926270904,139.36,207.405,-68.04499999999999,0.022305757514298186,1.0,-0.014925650216675706,0.0074349784875179905,-0.00743497848751809,0.022472855852058576,-0.02985296314968116,0,1,0,1,0,1.0,0.022305757514298186
2021-09-06,136.0,148.0,136.0,148.0,184427800,135.925,163.15,22.905783741734687,62.974423916995136,14104557800.0,5.6348822365374085,3.807352862525276,12.0,-0.2623778534551491,-1.8102160602303374,1.5478382067751884,139.04,207.35,-68.31,0.08455738802806297,1.0,0.022305757514298186,-0.014925650216675706,0.0074349784875179905,-0.00743497848751809,0.022472855852058576,1,0,1,0,1,1.0,0.08455738802806297
2021-09-07,149.0,151.0,142.0,145.0,104620300,135.925,162.61,24.491990440609744,58.77778531979519,13999937500.0,5.875247791070451,4.051895028324449,9.0,0.4218383061469808,-1.3638051869548737,1.7856434931018546,138.72,207.25,-68.53,-0.020478531343540676,-1.0,0.08455738802806297,0.022305757514298186,-0.014925650216675706,0.0074349784875179905,-0.00743497848751809,1,1,0,1,0,-1.0,0.020478531343540676
2021-09-08,145.0,147.0,140.0,143.0,67322900,135.875,162.04,25.336592095037993,56.094003368790744,13932614600.0,5.955587234565419,4.164746317877915,7.0,0.7935536641697638,-0.9323334167299462,1.72588708089971,138.38,207.095,-68.715,-0.01388911216066715,-1.0,-0.020478531343540676,0.08455738802806297,0.022305757514298186,-0.014925650216675706,0.0074349784875179905,0,1,1,0,1,-1.0,0.01388911216066715
2021-09-09,143.0,144.0,135.0,136.0,41875300,135.7,161.5,24.754761350877803,47.85759926912148,13890739300.0,6.173045289239318,4.539003889146557,9.0,0.5173357405218724,-0.6423995852795824,1.1597353258014547,138.1,206.9,-68.80000000000001,-0.05018974452385528,-1.0,-0.01388911216066715,-0.020478531343540676,0.08455738802806297,0.022305757514298186,-0.014925650216675706,0,0,1,1,0,-1.0,0.05018974452385528
2021-09-10,137.0,139.0,136.0,138.0,20268000,135.65,161.0,24.214489945586198,50.11151743215494,13911007300.0,5.946399197150796,4.308984925471591,3.0,0.45457428193140004,-0.4230048118373859,0.877579093768786,137.82,206.725,-68.905,0.014598799421152631,1.0,-0.05018974452385528,-0.01388911216066715,-0.020478531343540676,0.08455738802806297,0.022305757514298186,0,0,0,1,1,1.0,0.014598799421152631
2021-09-13,138.0,140.0,137.0,139.0,13573300,135.6,160.44,23.899234421860776,51.24629165761186,13924580600.0,5.735942111640024,4.12657705873383,3.0,0.47999394506496174,-0.24240506045691634,0.7223990055218781,137.58,206.545,-68.96499999999997,0.007220247973487097,1.0,0.014598799421152631,-0.05018974452385528,-0.01388911216066715,-0.020478531343540676,0.08455738802806297,1,0,0,0,1,1.0,0.007220247973487097
2021-09-14,139.0,145.0,139.0,143.0,42470400,135.675,159.89,24.43763336909928,55.59705644083503,13967051000.0,5.754803389380022,4.0243380345314845,6.0,0.813527938174559,-0.031218460730621213,0.8447463989051802,137.42,206.275,-68.85500000000002,0.028370697129215566,1.0,0.007220247973487097,0.014598799421152631,-0.05018974452385528,-0.01388911216066715,-0.020478531343540676,1,1,0,0,0,1.0,0.028370697129215566
2021-09-15,141.0,147.0,141.0,146.0,39567600,135.825,159.36,25.22565301332986,58.582364786650146,14006618600.0,5.7723174329957345,3.9536420773943384,6.0,1.3048890104037696,0.23600303349625706,1.0688859769075125,137.32,206.02,-68.70000000000002,0.020761991448429225,1.0,0.028370697129215566,0.007220247973487097,0.014598799421152631,-0.05018974452385528,-0.01388911216066715,1,1,1,0,0,1.0,0.020761991448429225
2021-09-16,147.0,150.0,142.0,142.0,34945500,136.075,158.76,26.35736186495463,53.42481010762765,13971673100.0,5.931437616353182,4.1770687439106915,8.0,1.3558996623166308,0.4599823592603319,0.895917303056299,137.24,205.75,-68.50999999999999,-0.027779564107075706,-1.0,0.020761991448429225,0.028370697129215566,0.007220247973487097,0.014598799421152631,-0.05018974452385528,1,1,1,1,0,-1.0,0.027779564107075706
2021-09-17,142.0,148.0,141.0,146.0,46976600,136.225,158.23,27.103832871056085,57.458261768343654,14018649700.0,6.007763500899382,4.114906507465331,7.0,1.6995017438743787,0.7078862361831414,0.9916155076912373,137.22,205.46,-68.24000000000001,0.02777956410707567,1.0,-0.027779564107075706,0.020761991448429225,0.028370697129215566,0.007220247973487097,0.014598799421152631,0,1,1,1,1,1.0,0.02777956410707567
2021-09-20,146.0,149.0,141.0,143.0,38182600,136.3,157.69,27.939203154285362,53.70197753344286,13980467100.0,6.150066107977998,4.300745530054544,8.0,1.7100218733697545,0.9083133636204642,0.8017085097492903,137.16,205.105,-67.945,-0.020761991448429128,-1.0,0.02777956410707567,-0.027779564107075706,0.020761991448429225,0.028370697129215566,0.007220247973487097,1,0,1,1,1,-1.0,0.020761991448429128
2021-09-21,141.0,145.0,139.0,144.0,29285000,136.45,157.17,28.08484778245389,54.76356973331814,14009752100.0,6.139347100265284,4.263435486295336,6.0,1.7785487910841482,1.082360449113201,0.6961883419709471,137.14,204.745,-67.60500000000002,0.0069686693160934355,1.0,-0.020761991448429128,0.02777956410707567,-0.027779564107075706,0.020761991448429225,0.028370697129215566,0,1,0,1,1,1.0,0.0069686693160934355
2021-09-22,145.0,145.0,141.0,141.0,16286400,136.6,156.61,28.22008922289609,50.98648855687854,13993465700.0,5.986536593103478,4.245770633406722,4.0,1.5726533700218113,1.1804190332949231,0.3922343367268881,137.06,204.33,-67.27000000000001,-0.02105340919783238,-1.0,0.0069686693160934355,-0.020761991448429128,0.02777956410707567,-0.027779564107075706,0.020761991448429225,1,0,1,0,1,-1.0,0.02105340919783238
2021-09-23,141.0,147.0,141.0,144.0,36963200,136.85,156.05,28.688999917596078,54.375313578078924,14030428900.0,5.987498265024658,4.1579849062671235,6.0,1.6327335572804316,1.2708819380920249,0.3618516191884067,137.08,203.97,-66.88999999999999,0.021053409197832263,1.0,-0.02105340919783238,0.0069686693160934355,-0.020761991448429128,0.02777956410707567,-0.027779564107075706,0,1,0,1,0,1.0,0.021053409197832263
2021-09-24,145.0,146.0,141.0,143.0,15147900,137.125,155.44,29.12441699124607,53.05841884732527,14015281000.0,5.916962674665753,4.137736136129897,5.0,1.5814261990667546,1.3329907902869709,0.24843540877978376,137.14,203.595,-66.45500000000001,-0.006968669316093316,-1.0,0.021053409197832263,-0.02105340919783238,0.0069686693160934355,-0.020761991448429128,0.02777956410707567,1,0,1,0,1,-1.0,0.006968669316093316
2021-09-27,143.0,146.0,142.0,146.0,37781300,137.5,154.88,29.52873284534963,56.46481837707222,14053062300.0,5.780036769332485,3.9589292940633456,4.0,1.7625224147219285,1.4188971151739624,0.34362529954796606,137.24,203.195,-65.95499999999998,0.020761991448429225,1.0,-0.006968669316093316,0.021053409197832263,-0.02105340919783238,0.0069686693160934355,-0.020761991448429128,0,1,0,1,0,1.0,0.020761991448429225
2021-09-28,145.0,149.0,142.0,143.0,40982400,137.8,154.23,30.434968505137398,52.37200664427635,14012079900.0,5.8671770000944505,4.1029209790870285,7.0,1.6450049493267613,1.4641186820045224,0.1808862673222389,137.3,202.85,-65.54999999999998,-0.020761991448429128,-1.0,0.020761991448429225,-0.006968669316093316,0.021053409197832263,-0.02105340919783238,0.0069686693160934355,1,0,1,0,1,-1.0,0.020761991448429128
2021-09-29,142.0,159.0,141.0,158.0,211540700,138.5,153.79,32.47466719708478,65.74264955745228,14223620600.0,6.733807214373418,4.261903300236341,18.0,2.730767562486335,1.7174484581008853,1.0133191043854497,137.66,202.55,-64.89000000000001,0.09975040276705942,1.0,-0.020761991448429128,0.020761991448429225,-0.006968669316093316,0.021053409197832263,-0.02105340919783238,0,1,0,1,0,1.0,0.09975040276705942
2021-09-30,161.0,161.0,153.0,154.0,62023800,139.025,153.33,34.54104907034674,60.8378916429444,14161596800.0,6.824249556203888,4.431330880651876,8.0,3.2312280991500018,2.0202043863107084,1.2110237128392933,138.1,202.18,-64.08000000000001,-0.02564243061333767,-1.0,0.09975040276705942,-0.020761991448429128,0.020761991448429225,-0.006968669316093316,0.021053409197832263,1,0,1,0,1,-1.0,0.02564243061333767
2021-10-01,154.0,171.0,150.0,162.0,349048500,139.8,152.93,37.123192762691545,66.2595906122971,14510645300.0,7.836803159332182,4.837532814402581,21.0,4.224680336146861,2.461099576277939,1.7635807598689217,138.54,201.78,-63.24000000000001,0.050643732818754936,1.0,-0.02564243061333767,0.09975040276705942,-0.020761991448429128,0.020761991448429225,-0.006968669316093316,0,1,0,1,0,1.0,0.050643732818754936
2021-10-04,162.0,168.0,162.0,164.0,87523400,140.6,152.58,39.52089761986887,67.47200564811693,14598168700.0,7.705602933665597,4.69853837418634,6.0,5.114425760162703,2.991764813054892,2.122660947107811,139.02,201.41,-62.389999999999986,0.012270092591814401,1.0,0.050643732818754936,-0.02564243061333767,0.09975040276705942,-0.020761991448429128,0.020761991448429225,1,0,1,0,1,1.0,0.012270092591814401
2021-10-05,163.0,171.0,160.0,163.0,103081400,141.175,152.21,41.90906440439682,66.19127905631127,14495087300.0,7.94091700983234,4.8717282268910065,11.0,5.6734636193185395,3.528104574307622,2.1453590450109177,139.52,201.015,-61.494999999999976,-0.006116227017436094,-1.0,0.012270092591814401,0.050643732818754936,-0.02564243061333767,0.09975040276705942,-0.020761991448429128,1,1,0,1,0,1.0,-0.006116227017436094
2021-10-06,163.0,169.0,163.0,164.0,79487000,141.925,151.9,44.12664784717278,66.8685431070675,14574574300.0,7.802280080558601,4.757487853999147,6.0,6.126573467724768,4.047798352991052,2.078775114733716,140.1,200.645,-60.545000000000016,0.006116227017436054,1.0,-0.006116227017436094,0.012270092591814401,0.050643732818754936,-0.02564243061333767,0.09975040276705942,0,1,1,0,1,1.0,0.006116227017436054
2021-10-07,166.0,168.0,161.0,162.0,51841600,142.65,151.56,45.489529704554855,64.10274430255424,14522732700.0,7.744974360518701,4.780848370690556,7.0,6.25221140060458,4.488680962513757,1.7635304380908225,140.66,200.285,-59.625,-0.01227009259181436,-1.0,0.006116227017436054,-0.006116227017436094,0.012270092591814401,0.050643732818754936,-0.02564243061333767,1,0,1,1,0,-1.0,0.01227009259181436
2021-10-08,162.0,165.0,161.0,163.0,27299500,143.375,151.24,46.755062857838205,64.88481915344842,14550032200.0,7.477476191910222,4.587408706693387,4.0,6.359167485902361,4.862778267191478,1.496389218710883,141.28,199.94,-58.66,0.006153865574378286,1.0,-0.01227009259181436,0.006116227017436054,-0.006116227017436094,0.012270092591814401,0.050643732818754936,0,1,0,1,1,-1.0,-0.006153865574378286
2021-10-11,163.0,165.0,161.0,162.0,25590800,144.075,151.02,47.93020078588704,63.39736709413511,14524441400.0,7.229085035345206,4.4623981699661766,4.0,6.290723763717978,5.148367366496778,1.1423563972211994,141.9,199.56,-57.66,-0.0061538655743782235,-1.0,0.006153865574378286,-0.01227009259181436,0.006116227017436054,-0.006116227017436094,0.012270092591814401,1,0,1,0,1,-1.0,0.0061538655743782235
2021-10-12,162.0,179.0,162.0,172.0,227301900,145.075,150.91,49.88893885112602,70.64460463181791,14751743300.0,7.927007532820548,4.6087253097793885,17.0,6.963131402875888,5.5113201737726,1.4518112291032876,142.72,199.24,-56.52000000000001,0.059898141581069014,1.0,-0.0061538655743782235,0.006153865574378286,-0.01227009259181436,0.006116227017436054,-0.006116227017436094,0,1,0,1,0,1.0,0.059898141581069014
2021-10-13,173.0,176.0,169.0,171.0,52435900,145.975,150.84,51.70776705456222,69.1697106211912,14699307400.0,7.860792709047652,4.596954800612662,7.0,7.3308225001890435,5.87522063905589,1.4556018611331538,143.54,198.865,-55.32500000000002,-0.00583092031079321,-1.0,0.059898141581069014,-0.0061538655743782235,0.006153865574378286,-0.01227009259181436,0.006116227017436054,1,0,1,0,1,-1.0,0.00583092031079321
2021-10-14,172.0,179.0,171.0,174.0,84554100,147.025,150.81,53.53015887820908,71.11783842391715,14783861500.0,7.870736086972819,4.523411544237253,8.0,7.774673673295524,6.255111245903818,1.5195624273917065,144.36,198.375,-54.014999999999986,0.01739174271186924,1.0,-0.00583092031079321,0.059898141581069014,-0.0061538655743782235,0.006153865574378286,-0.01227009259181436,0,1,0,1,0,1.0,0.01739174271186924
2021-10-15,175.0,179.0,174.0,177.0,46188300,148.175,150.9,55.222379857309726,72.95802926629497,14830049800.0,7.665683509331903,4.330894638040624,5.0,8.273136288426826,6.658716254408421,1.6144200340184058,145.28,197.9,-52.620000000000005,0.01709443335930004,1.0,0.01739174271186924,-0.00583092031079321,0.059898141581069014,-0.0061538655743782235,0.006153865574378286,1,0,1,0,1,1.0,0.01709443335930004
2021-10-18,176.0,180.0,173.0,173.0,77763100,149.15,150.93,56.793727909331764,66.84281958382795,14752286700.0,7.6181346872367675,4.403546061986571,7.0,8.250300601838234,6.977033123894383,1.2732674779438504,146.1,197.415,-51.315,-0.022858138076050208,-1.0,0.01709443335930004,0.01739174271186924,-0.00583092031079321,0.059898141581069014,-0.0061538655743782235,1,1,0,1,0,-1.0,0.022858138076050208
2021-10-19,173.0,176.0,171.0,172.0,41927800,150.075,150.88,57.50115169256379,65.36770356663133,14710358900.0,7.431125066719856,4.320421550418521,5.0,8.058616794945863,7.193349858104678,0.8652669368411843,146.74,197.005,-50.264999999999986,-0.005797117684325958,-1.0,-0.022858138076050208,0.01709443335930004,0.01739174271186924,-0.00583092031079321,0.059898141581069014,0,1,1,0,1,-1.0,0.005797117684325958
2021-10-21,172.0,174.0,162.0,163.0,83561500,150.625,150.71,55.49726757039074,53.84959753516999,14626797400.0,7.757473276239866,4.759186059042862,12.0,7.0986523673812485,7.174410359959992,-0.07575799257874394,147.32,196.49,-49.170000000000016,-0.05374427600669069,-1.0,-0.005797117684325958,-0.022858138076050208,0.01709443335930004,0.01739174271186924,-0.00583092031079321,0,0,1,1,0,-1.0,0.05374427600669069
2021-10-22,163.0,166.0,158.0,163.0,73655700,151.3,150.58,52.74312673545818,53.84959753516999,14626797400.0,7.774796613651304,4.769813873405708,8.0,6.265647162111179,6.99265772039023,-0.7270105582790505,147.92,195.855,-47.935,0.0,-1.0,-0.05374427600669069,-0.005797117684325958,-0.022858138076050208,0.01709443335930004,0.01739174271186924,0,0,0,1,1,-1.0,-0.0
2021-10-25,164.0,167.0,161.0,161.0,26125600,152.025,150.4,50.33613440658059,51.51038597652414,14600671800.0,7.648025426961925,4.750326352150264,6.0,5.382060210265848,6.670538218365354,-1.2884780080995055,148.46,195.24,-46.78,-0.012345835822299379,-1.0,0.0,-0.05374427600669069,-0.005797117684325958,-0.022858138076050208,0.01709443335930004,1,0,0,0,1,-1.0,0.012345835822299379
2021-10-26,161.0,162.0,159.0,160.0,29823300,152.65,150.12,47.660761485989504,50.333064410696295,14570848500.0,7.316023610750358,4.572514756718974,3.0,4.548685131637569,6.246167601019797,-1.6974824693822281,148.98,194.67,-45.69,-0.006230549750636086,-1.0,-0.012345835822299379,0.0,-0.05374427600669069,-0.005797117684325958,-0.022858138076050208,0,1,0,0,0,-1.0,0.006230549750636086
2021-10-27,160.0,161.0,155.0,156.0,39707800,153.2,149.8,44.36746607171665,45.821621901918,14531140700.0,7.22202192426819,4.629501233505249,6.0,3.5248307522947755,5.701900231274793,-2.177069478980018,149.46,193.99,-44.53,-0.025317807984289897,-1.0,-0.006230549750636086,-0.012345835822299379,0.0,-0.05374427600669069,-0.005797117684325958,0,0,1,0,0,-1.0,0.025317807984289897
2021-10-28,156.0,158.0,150.0,153.0,39532900,153.65,149.44,41.950514732303915,42.7283099657507,14491607800.0,7.277591786820461,4.756595939098341,8.0,2.4431803895356268,5.0501562629269605,-2.6069758733913337,149.82,193.325,-43.504999999999995,-0.019418085857101627,-1.0,-0.025317807984289897,-0.006230549750636086,-0.012345835822299379,0.0,-0.05374427600669069,0,0,0,1,0,-1.0,0.019418085857101627
2021-10-29,153.0,157.0,151.0,155.0,14808100,154.2,149.12,39.706202774277806,45.375785114652906,14506415900.0,7.186335230619,4.636345310076774,6.0,1.7274351721085566,4.38561204476328,-2.6581768726547237,150.28,192.63,-42.349999999999994,0.012987195526811112,1.0,-0.019418085857101627,-0.025317807984289897,-0.006230549750636086,-0.012345835822299379,0.0,0,0,0,0,1,1.0,0.012987195526811112
2021-11-01,156.0,158.0,154.0,155.0,17221900,154.675,148.86,37.410135283066985,45.375785114652906,14506415900.0,6.958739857003358,4.489509585163456,4.0,1.1469802562085931,3.737885687052343,-2.59090543084375,150.76,191.865,-41.10500000000002,0.0,-1.0,0.012987195526811112,-0.019418085857101627,-0.025317807984289897,-0.006230549750636086,-0.012345835822299379,1,0,0,0,0,-1.0,-0.0
2021-11-02,155.0,156.0,152.0,152.0,13393300,154.775,148.59,35.63917346106522,41.99836631630639,14493022600.0,6.7474012957888325,4.439079799861074,4.0,0.43982064681455313,3.078272679004785,-2.638452032190232,151.12,191.035,-39.91499999999999,-0.019544596072970283,-1.0,0.0,0.012987195526811112,-0.019418085857101627,-0.025317807984289897,-0.006230549750636086,1,1,0,0,0,-1.0,0.019544596072970283
2021-11-03,152.0,156.0,151.0,154.0,12287600,155.0,148.34,34.17325622026585,44.94065466096787,14505310200.0,6.622586917518201,4.300381115271559,5.0,0.04031017624299693,2.4706801784524277,-2.430370002209431,151.5,190.205,-38.70500000000001,0.0130720815673527,1.0,-0.019544596072970283,0.0,0.012987195526811112,-0.019418085857101627,-0.025317807984289897,0,1,1,0,0,-1.0,-0.0130720815673527
2021-11-04,154.0,164.0,154.0,159.0,53600700,155.4,148.1,32.2783512190755,51.55676627455601,14558910900.0,6.863830709124044,4.316874659826443,10.0,0.1257044209376943,2.001685026949481,-1.8759806060117867,151.86,189.43,-37.56999999999999,0.03195159980660243,1.0,0.0130720815673527,-0.019544596072970283,0.0,0.012987195526811112,-0.019418085857101627,1,0,1,1,0,1.0,0.03195159980660243
2021-11-05,159.0,161.0,155.0,156.0,15948000,155.9,147.88,30.51879657511304,47.842114721252656,14542962900.0,6.802128515615183,4.3603387920610155,6.0,-0.048140024625581646,1.5917200166344683,-1.63986004126005,152.26,188.62,-36.360000000000014,-0.019048194970694474,-1.0,0.03195159980660243,0.0130720815673527,-0.019544596072970283,0.0,0.012987195526811112,1,1,0,1,1,-1.0,0.019048194970694474
2021-11-08,157.0,159.0,155.0,157.0,11468300,156.375,147.68,28.884924405719325,49.157115535935176,14554431200.0,6.601976478785526,4.205080559736004,4.0,-0.10402225377484342,1.252571562552606,-1.3565938163274494,152.76,187.845,-35.08500000000001,0.006389798098770988,1.0,-0.019048194970694474,0.03195159980660243,0.0130720815673527,-0.019544596072970283,0.0,0,1,1,0,1,-1.0,-0.006389798098770988
2021-11-09,157.0,161.0,157.0,159.0,17632500,156.875,147.53,27.75134466132898,51.77581479130053,14572063700.0,6.416121016015132,4.035296236487505,4.0,0.012924971293699627,1.0046422443008247,-0.9917172730071251,153.24,187.02,-33.78,0.012658396871923465,1.0,0.006389798098770988,-0.019048194970694474,0.03195159980660243,0.0130720815673527,-0.019544596072970283,1,0,1,1,0,-1.0,-0.012658396871923465
2021-11-10,160.0,165.0,159.0,162.0,50777300,157.35,147.44,27.3902736252494,55.47995156092291,14622841000.0,6.386398086299765,3.942221040925781,6.0,0.3437192362756605,0.8724576426957918,-0.5287384064201314,153.8,186.23,-32.42999999999998,0.018692133012152546,1.0,0.012658396871923465,0.006389798098770988,-0.019048194970694474,0.03195159980660243,0.0130720815673527,1,1,0,1,1,-1.0,-0.018692133012152546
2021-11-11,163.0,164.0,159.0,160.0,17241300,157.7,147.38,27.05499337746122,52.58034564982743,14605599700.0,6.2873696515640685,3.929606032227543,5.0,0.43942734432388875,0.7858515830214112,-0.3464242386975225,154.3,185.5,-31.19999999999999,-0.012422519998557209,-1.0,0.018692133012152546,0.012658396871923465,0.006389798098770988,-0.019048194970694474,0.03195159980660243,1,1,1,0,1,-1.0,0.012422519998557209
2021-11-12,160.0,161.0,154.0,155.0,38310400,158.025,147.32,25.526024984679573,46.09436784035277,14567289300.0,6.338271819309492,4.089207625360962,7.0,0.11054421137797021,0.650790108692723,-0.5402458973147528,154.74,184.705,-29.965000000000003,-0.0317486983145803,-1.0,-0.012422519998557209,0.018692133012152546,0.012658396871923465,0.006389798098770988,-0.019048194970694474,0,1,1,1,0,-1.0,0.0317486983145803
2021-11-15,155.0,156.0,152.0,153.0,13535200,158.2,147.22,23.72534787347271,43.76863564210865,14553754100.0,6.171252403644528,4.03349830303564,4.0,-0.3079316815156119,0.459045750651056,-0.7669774321666679,155.08,183.92,-28.839999999999975,-0.01298719552681119,-1.0,-0.0317486983145803,-0.012422519998557209,0.018692133012152546,0.012658396871923465,0.006389798098770988,0,0,1,1,1,-1.0,0.01298719552681119
2021-11-16,153.0,156.0,151.0,154.0,14051000,158.475,147.12,22.263404928644896,45.2559522775399,14567805100.0,6.087591517669919,3.952981504980467,5.0,-0.5525161368423426,0.25673337315237627,-0.8092495099947188,155.2,183.21,-28.01000000000002,0.006514681021193672,1.0,-0.01298719552681119,-0.0317486983145803,-0.012422519998557209,0.018692133012152546,0.012658396871923465,0,0,0,1,1,1.0,0.006514681021193672
2021-11-17,155.0,156.0,149.0,151.0,36681700,158.65,147.02,21.31883914683716,41.69312173792225,14531123400.0,6.152763552122067,4.074677849087462,7.0,-0.9771618937297433,0.009954319775952273,-0.9871162135056956,155.32,182.575,-27.254999999999995,-0.01967276559870478,-1.0,0.006514681021193672,-0.01298719552681119,-0.0317486983145803,-0.012422519998557209,0.018692133012152546,1,0,0,0,1,-1.0,0.01967276559870478
2021-11-18,151.0,152.0,144.0,145.0,55463700,158.75,146.87,21.342216159472628,35.64842539025232,14475659700.0,6.284709012684777,4.334282077713639,8.0,-1.7773582913625603,-0.34750820245175035,-1.42985008891081,155.36,181.96,-26.599999999999994,-0.040546094394349905,-1.0,-0.01967276559870478,0.006514681021193672,-0.01298719552681119,-0.0317486983145803,-0.012422519998557209,0,1,0,0,0,-1.0,0.040546094394349905
2021-11-19,145.0,146.0,141.0,142.0,31309900,158.7,146.79,21.823932144389662,33.06700010403858,14444349800.0,6.192944083207293,4.36122822761077,5.0,-2.62335423490552,-0.8026774089425044,-1.8206768259630155,155.48,181.24,-25.76000000000002,-0.020906684819313712,-1.0,-0.040546094394349905,-0.01967276559870478,0.006514681021193672,-0.01298719552681119,-0.0317486983145803,0,0,1,0,0,-1.0,0.020906684819313712
2021-11-22,143.0,151.0,142.0,145.0,77091600,158.75,146.72,21.095045329334507,37.90908036489251,14521441400.0,6.393448077263915,4.409274536044079,9.0,-3.016959555517161,-1.245533838257436,-1.7714257172597252,155.62,180.635,-25.014999999999986,0.020906684819313643,1.0,-0.020906684819313712,-0.040546094394349905,-0.01967276559870478,0.006514681021193672,-0.01298719552681119,0,0,0,1,0,1.0,0.020906684819313643
2021-11-23,146.0,147.0,141.0,142.0,47441700,158.65,146.63,20.58831456390326,35.16915747046407,14473999700.0,6.365344643173635,4.482637072657489,6.0,-3.5302747263038157,-1.7024820158667122,-1.8277927104371035,155.68,180.095,-24.414999999999992,-0.020906684819313712,-1.0,0.020906684819313643,-0.020906684819313712,-0.040546094394349905,-0.01967276559870478,0.006514681021193672,1,0,0,0,1,-1.0,0.020906684819313712
2021-11-24,146.0,146.0,141.0,142.0,41192700,158.625,146.54,20.117778853145673,35.16915747046407,14473999700.0,6.26782002580409,4.4139577646507675,5.0,-3.892213680893917,-2.1404283488721534,-1.7517853320217638,155.66,179.495,-23.835000000000008,0.0,-1.0,-0.020906684819313712,0.020906684819313643,-0.020906684819313712,-0.040546094394349905,-0.01967276559870478,0,1,0,0,0,1.0,0.0
2021-11-25,143.0,143.0,140.0,140.0,36874400,158.175,146.43,19.866988574377974,33.30784318204451,14437125300.0,6.034404309675226,4.310288792625162,3.0,-4.290972534992761,-2.570537186096275,-1.720435348896486,155.54,178.945,-23.405,-0.014184634991956413,-1.0,0.0,-0.020906684819313712,0.020906684819313643,-0.020906684819313712,-0.040546094394349905,1,0,1,0,0,-1.0,0.014184634991956413
2021-11-26,140.0,140.0,133.0,135.0,52378200,157.7,146.32,20.741755666853923,29.153744724179976,14384747100.0,6.103375430412711,4.521018837342749,7.0,-4.953350867577427,-3.0470999223925057,-1.9062509451849214,155.4,178.35,-22.94999999999999,-0.03636764417087483,-1.0,-0.014184634991956413,0.0,-0.020906684819313712,0.020906684819313643,-0.020906684819313712,0,1,0,1,0,-1.0,0.03636764417087483
2021-11-29,135.0,138.0,131.0,133.0,58287900,156.975,146.18,21.81646373251043,27.667322852422565,14326459200.0,6.167420042526088,4.637157926711344,7.0,-5.575403967265402,-3.5527607313670853,-2.0226432358983164,155.14,177.755,-22.61500000000001,-0.014925650216675706,-1.0,-0.03636764417087483,-0.014184634991956413,0.0,-0.020906684819313712,0.020906684819313643,0,0,1,0,1,-1.0,0.014925650216675706
2021-11-30,133.0,137.0,127.0,127.0,178787200,156.05,145.99,23.293226184260956,23.75442739675173,14147672000.0,6.441175753774225,5.071791932105689,10.0,-6.4778626183911285,-4.137781108771894,-2.3400815096192344,154.82,177.1,-22.28,-0.04616204176316249,-1.0,-0.014925650216675706,-0.03636764417087483,-0.014184634991956413,0.0,-0.020906684819313712,0,0,0,1,0,-1.0,0.04616204176316249
2021-12-01,126.0,129.0,121.0,124.0,85482300,155.075,145.78,25.257272072294224,22.073471084532464,14062189700.0,6.552520342790351,5.284290599024477,8.0,-7.350411560231606,-4.780307199063837,-2.570104361167769,154.42,176.35,-21.930000000000007,-0.023905520853554366,-1.0,-0.04616204176316249,-0.014925650216675706,-0.03636764417087483,-0.014184634991956413,0.0,0,0,0,0,1,-1.0,0.023905520853554366
2021-12-02,124.0,126.0,122.0,123.0,26823700,154.05,145.56,27.081028968325118,21.52664203492836,14035366000.0,6.370197461162469,5.179022326148349,4.0,-8.030039231927333,-5.430253605636537,-2.599785626290796,154.06,175.655,-21.595,-0.008097210232619362,-1.0,-0.023905520853554366,-0.04616204176316249,-0.014925650216675706,-0.03636764417087483,-0.014184634991956413,0,0,0,0,0,-1.0,0.008097210232619362
2021-12-03,123.0,125.0,121.0,124.0,29150500,153.1,145.37,28.86990108915006,23.56581135831357,14064516500.0,6.200897642508006,5.0007239052483925,4.0,-8.391228556111429,-6.022448595731516,-2.3687799603799125,153.66,174.915,-21.254999999999995,0.008097210232619303,1.0,-0.008097210232619362,-0.023905520853554366,-0.04616204176316249,-0.014925650216675706,-0.03636764417087483,0,0,0,0,0,1.0,0.008097210232619303
2021-12-06,124.0,126.0,123.0,126.0,16596700,152.175,145.23,30.222468090097266,27.61699862032854,14081113200.0,5.972262096614577,4.739890552868712,3.0,-8.419040949063515,-6.501767066397917,-1.9172738826655982,153.32,174.195,-20.875,0.01600034134644112,1.0,0.008097210232619303,-0.008097210232619362,-0.023905520853554366,-0.04616204176316249,-0.014925650216675706,1,0,0,0,0,1.0,0.01600034134644112
2021-12-07,127.0,130.0,125.0,128.0,35080300,151.325,145.1,30.32784274061272,31.525482479871037,14116193500.0,5.9028148039992505,4.611574065624414,5.0,-8.185343639278813,-6.838482380974096,-1.3468612583047168,152.96,173.455,-20.495000000000005,0.015748356968139112,1.0,0.01600034134644112,0.008097210232619303,-0.008097210232619362,-0.023905520853554366,-0.04616204176316249,1,1,0,0,0,1.0,0.015748356968139112
2021-12-08,128.0,129.0,123.0,123.0,52870000,150.1,144.93,30.696117358579556,27.52410411527934,14063323500.0,5.90975660371359,4.8046801656208045,6.0,-8.307827585865965,-7.132351421952469,-1.1754761639134959,152.56,172.68,-20.120000000000005,-0.039845908547199674,-1.0,0.015748356968139112,0.01600034134644112,0.008097210232619303,-0.008097210232619362,-0.023905520853554366,1,1,1,0,0,-1.0,0.039845908547199674
2021-12-09,123.0,126.0,122.0,125.0,19157500,148.95,144.78,31.171643442313556,31.2813299354863,14082481000.0,5.773345417734048,4.6186763341872386,4.0,-8.149570534492767,-7.33579524446053,-0.813775290032237,151.9,171.965,-20.064999999999998,0.016129381929883717,1.0,-0.039845908547199674,0.015748356968139112,0.01600034134644112,0.008097210232619303,-0.008097210232619362,0,1,1,1,0,-1.0,-0.016129381929883717
2021-12-10,125.0,125.0,123.0,125.0,15688900,147.725,144.71,31.613203377209413,31.28132993548631,14082481000.0,5.503820745038759,4.403056596031007,2.0,-7.932707368493908,-7.455177669267206,-0.47752969922670196,151.32,171.26,-19.939999999999998,0.0,-1.0,0.016129381929883717,-0.039845908547199674,0.015748356968139112,0.01600034134644112,0.008097210232619303,1,0,1,1,1,-1.0,-0.0
2021-12-13,125.0,126.0,123.0,123.0,24703100,146.375,144.54,31.704181236390358,29.50725529965671,14057777900.0,5.324976406107418,4.329249110656438,3.0,-7.831943265577479,-7.530530788529262,-0.30141247704821694,150.54,170.555,-20.015000000000015,-0.016129381929883644,-1.0,0.0,0.016129381929883717,-0.039845908547199674,0.015748356968139112,0.01600034134644112,1,1,0,1,1,-1.0,0.016129381929883644
2021-12-14,123.0,124.0,121.0,122.0,27959000,145.1,144.36,32.10244409054053,28.63286335851638,14029818900.0,5.158906662814031,4.228612018700026,3.0,-7.743516196163455,-7.5731278700561,-0.17038832610735444,149.7,169.815,-20.11500000000001,-0.008163310639160981,-1.0,-0.016129381929883644,0.0,0.016129381929883717,-0.039845908547199674,0.015748356968139112,0,1,1,0,1,-1.0,0.008163310639160981
2021-12-15,122.0,124.0,121.0,122.0,11240100,143.85,144.2,32.47225959796569,28.632863358516385,14029818900.0,5.0046990440416,4.102212331181639,3.0,-7.585990529857128,-7.575700402016307,-0.01029012784082095,148.88,169.085,-20.205000000000013,0.0,-1.0,-0.008163310639160981,-0.016129381929883644,0.0,0.016129381929883717,-0.039845908547199674,0,0,1,1,0,-1.0,-0.0
2021-12-16,122.0,124.0,118.0,118.0,40022200,142.725,144.03,33.27364926084503,25.17242059955388,13989796700.0,5.0757919694672,4.301518618192542,6.0,-7.695211269590274,-7.599602575531101,-0.09560869405917316,147.96,168.355,-20.394999999999982,-0.033336420267591836,-1.0,0.0,-0.008163310639160981,-0.016129381929883644,0.0,0.016129381929883717,1,0,0,1,1,-1.0,0.033336420267591836
2021-12-17,118.0,120.0,117.0,119.0,19011500,141.625,143.88,34.16017127151505,27.530439114710802,14008808200.0,4.927521114505256,4.140774045802736,3.0,-7.613316279129464,-7.602345316250774,-0.010970962878690038,147.1,167.63,-20.53,0.008438868645864604,1.0,-0.033336420267591836,0.0,-0.008163310639160981,-0.016129381929883644,0.0,0,1,0,0,1,1.0,0.008438868645864604
2021-12-20,119.0,119.0,115.0,115.0,20429000,140.475,143.71,35.25821290916334,24.23994032474267,13988379200.0,4.861269606326309,4.227190962022878,4.0,-7.781480417325369,-7.6381723364656935,-0.1433080808596756,146.14,166.915,-20.775000000000006,-0.03419136474827931,-1.0,0.008438868645864604,-0.033336420267591836,0.0,-0.008163310639160981,-0.016129381929883644,1,0,1,0,0,-1.0,0.03419136474827931
2021-12-21,115.0,117.0,113.0,116.0,21432100,139.375,143.56,36.53334500654824,26.60182427413375,14009811300.0,4.799750348731572,4.137715817872045,4.0,-7.744783027965184,-7.659494474765592,-0.08528855319959217,145.22,166.165,-20.944999999999993,0.008658062743114531,1.0,-0.03419136474827931,0.008438868645864604,-0.033336420267591836,0.0,-0.008163310639160981,0,1,0,1,0,1.0,0.008658062743114531
2021-12-22,116.0,116.0,113.0,114.0,14439600,138.325,143.39,37.717396239834216,24.92796207764666,13995371700.0,4.671196752393603,4.0975410108715815,3.0,-7.787316035982528,-7.6850587870089795,-0.10225724897354826,144.06,165.425,-21.36500000000001,-0.01739174271186922,-1.0,0.008658062743114531,-0.03419136474827931,0.008438868645864604,-0.033336420267591836,0.0,1,0,1,0,1,-1.0,0.01739174271186922
2021-12-23,114.0,114.0,111.0,112.0,20653300,137.3,143.21,39.07129565605363,23.345968011030877,13974718400.0,4.55182555579406,4.06412996053041,3.0,-7.8914394350162524,-7.726334916610434,-0.1651045184058182,142.88,164.695,-21.814999999999998,-0.017699577099400975,-1.0,-0.01739174271186922,0.008658062743114531,-0.03419136474827931,0.008438868645864604,-0.033336420267591836,0,1,0,1,0,-1.0,0.017699577099400975
2021-12-24,112.0,121.0,111.0,113.0,82143600,136.25,143.01,37.837504511713135,25.878849750516935,14056862000.0,4.940980873237341,4.372549445342779,10.0,-7.803314583147909,-7.741730849917929,-0.061583733229979565,141.66,163.99,-22.330000000000013,0.008888947417245994,1.0,-0.017699577099400975,-0.01739174271186922,0.008658062743114531,-0.03419136474827931,0.008438868645864604,0,0,1,0,1,1.0,0.008888947417245994
2021-12-27,115.0,118.0,113.0,116.0,26029000,135.275,142.86,36.691841306254105,33.02836726551371,14082891000.0,4.945196525148959,4.26310045271462,5.0,-7.406027994554208,-7.674590278845185,0.2685622842909776,140.44,163.32,-22.879999999999995,0.026202372394024117,1.0,0.008888947417245994,-0.017699577099400975,-0.01739174271186922,0.008658062743114531,-0.03419136474827931,1,0,0,1,0,1.0,0.026202372394024117
2021-12-28,116.0,118.0,113.0,114.0,22239700,134.325,142.68,35.628011186899286,30.889246411444994,14060651300.0,4.949111059066891,4.341325490409554,5.0,-7.169908553410366,-7.573653933758223,0.403745380347857,139.26,162.65,-23.390000000000015,-0.01739174271186922,-1.0,0.026202372394024117,0.008888947417245994,-0.017699577099400975,-0.01739174271186922,0.008658062743114531,1,1,0,0,1,-1.0,0.01739174271186922
2021-12-29,114.0,115.0,112.0,112.0,15476400,133.275,142.4,34.85354096256443,28.875250171454645,14045174900.0,4.809888840562114,4.294543607644745,3.0,-7.062750489227469,-7.4714732448520715,0.4087227556246029,138.06,161.99,-23.930000000000007,-0.017699577099400975,-1.0,-0.01739174271186922,0.026202372394024117,0.008888947417245994,-0.017699577099400975,-0.01739174271186922,0,1,1,0,0,-1.0,0.017699577099400975
2021-12-30,112.0,121.0,110.0,114.0,61218500,132.15,142.2,32.3699130085722,33.541686472232065,14106393400.0,5.25203963766482,4.60705231374107,11.0,-6.738763396329446,-7.324931275147547,0.5861678788181006,137.08,161.35,-24.269999999999982,0.017699577099400857,1.0,-0.017699577099400975,-0.01739174271186922,0.026202372394024117,0.008888947417245994,-0.017699577099400975,0,0,1,1,0,1.0,0.017699577099400857
2022-01-03,115.0,117.0,114.0,116.0,16693600,131.15,142.03,30.063687051293698,37.927484415885786,14123087000.0,5.091179663545904,4.3889479858154345,3.0,-6.248588170881362,-7.109662654294311,0.8610744834129491,136.14,160.7,-24.560000000000002,0.01739174271186924,1.0,0.017699577099400857,-0.017699577099400975,-0.01739174271186922,0.026202372394024117,0.008888947417245994,1,0,0,1,1,1.0,0.01739174271186924
2022-01-04,116.0,119.0,115.0,118.0,21816200,130.175,141.87,28.41856888668575,42.046236315697946,14144903200.0,5.0132382590069104,4.248506999158399,4.0,-5.633794610534508,-6.81448904554235,1.180694435007842,135.28,160.05,-24.77000000000001,0.01709443335930004,1.0,0.01739174271186924,0.017699577099400857,-0.017699577099400975,-0.01739174271186922,0.026202372394024117,1,1,0,0,1,1.0,0.01709443335930004
2022-01-05,119.0,119.0,115.0,115.0,8201100,129.075,141.68,26.890959162406944,37.97573062180561,14136702100.0,4.940864097649274,4.296403563173282,4.0,-5.327232195897679,-6.517037675613417,1.189805479715738,134.38,159.385,-25.004999999999995,-0.02575249610241474,-1.0,0.01709443335930004,0.01739174271186924,0.017699577099400857,-0.017699577099400975,-0.01739174271186922,1,1,1,0,0,-1.0,0.02575249610241474
2022-01-06,115.0,116.0,113.0,115.0,17947500,127.9,141.51,25.05019407775202,37.97573062180562,14136702100.0,4.802230947817184,4.175852998101899,3.0,-5.026338769092234,-6.2188978943091815,1.1925591252169472,133.56,158.69,-25.129999999999995,0.0,-1.0,-0.02575249610241474,0.01709443335930004,0.01739174271186924,0.017699577099400857,-0.017699577099400975,0,1,1,1,0,-1.0,-0.0
2022-01-07,115.0,117.0,113.0,115.0,24933200,126.775,141.31,23.465436908979278,37.97573062180561,14136702100.0,4.744928737258813,4.126024988920706,4.0,-4.733315841890331,-5.921781483825412,1.188465641935081,132.8,157.995,-25.194999999999993,0.0,-1.0,0.0,-0.02575249610241474,0.01709443335930004,0.01739174271186924,0.017699577099400857,1,0,1,1,1,-1.0,-0.0
2022-01-10,115.0,116.0,112.0,113.0,20926100,125.725,141.12,21.88383674975021,35.14289384817344,14115776000.0,4.691719541740326,4.151964196230377,4.0,-4.609342712693504,-5.659293729599031,1.0499510169055268,131.96,157.31,-25.349999999999994,-0.017544309650909508,-1.0,0.0,0.0,-0.02575249610241474,0.01709443335930004,0.01739174271186924,1,1,0,1,1,-1.0,0.017544309650909508
2022-01-11,113.0,114.0,111.0,112.0,11830500,124.7,140.93,20.711175998295367,33.78581674465672,14103945500.0,4.570882431616018,4.081145028228588,3.0,-4.5394567258561835,-5.435326328850462,0.8958696029942788,131.1,156.64,-25.539999999999992,-0.00888894741724604,-1.0,-0.017544309650909508,0.0,0.0,-0.02575249610241474,0.01709443335930004,0,1,1,0,1,-1.0,0.00888894741724604
2022-01-12,113.0,115.0,106.0,110.0,67061800,123.6,140.69,20.86748219337985,31.191527887471764,14036883700.0,4.887247972214873,4.442952702013521,9.0,-4.592515206529441,-5.266764104386259,0.6742488978568177,130.26,155.98,-25.72,-0.018018505502678365,-1.0,-0.00888894741724604,-0.017544309650909508,0.0,0.0,-0.02575249610241474,0,0,1,1,0,-1.0,0.018018505502678365
2022-01-13,110.0,114.0,110.0,113.0,31832000,122.65,140.47,21.01262366024401,38.78464694040143,14068715700.0,4.823873117056668,4.268914262882007,4.0,-4.342432646298761,-5.0818978127687595,0.7394651664699987,129.44,155.345,-25.905,0.026907452919924402,1.0,-0.018018505502678365,-0.00888894741724604,-0.017544309650909508,0.0,0.0,0,0,0,1,1,1.0,0.026907452919924402
2022-01-14,113.0,113.0,109.0,110.0,21583800,121.775,140.16,21.373300941427324,34.66504930325646,14047131900.0,4.7650250372669065,4.331840942969915,4.0,-4.336328843881006,-4.932784018991209,0.5964551751102034,128.46,154.725,-26.264999999999986,-0.02690745291992438,-1.0,0.026907452919924402,-0.018018505502678365,-0.00888894741724604,-0.017544309650909508,0.0,1,0,0,0,1,-1.0,0.02690745291992438
2022-01-17,108.0,111.0,104.0,104.0,27946100,120.825,139.84,22.663681302610225,28.211050320388768,14019185800.0,4.9246661060335555,4.73525587118611,7.0,-4.760762288210316,-4.898379672835031,0.13761738462471484,127.42,154.055,-26.635000000000005,-0.056089466651043585,-1.0,-0.02690745291992438,0.026907452919924402,-0.018018505502678365,-0.00888894741724604,-0.017544309650909508,0,1,0,0,0,-1.0,0.056089466651043585
2022-01-18,105.0,106.0,99.0,103.0,43582600,119.775,139.55,24.567269008403247,27.29879992767938,13975603200.0,5.072904241316873,4.925149748851332,7.0,-5.118813992021472,-4.9424665366723195,-0.17634745534915286,126.34,153.42,-27.079999999999984,-0.009661910911736859,-1.0,-0.056089466651043585,-0.02690745291992438,0.026907452919924402,-0.018018505502678365,-0.00888894741724604,0,0,1,0,0,-1.0,0.009661910911736859
2022-01-19,103.0,105.0,100.0,101.0,24068100,118.75,139.21,26.33488616378248,25.521289732576147,13951535100.0,5.067696795508525,5.017521579711411,5.0,-5.5005489281467845,-5.054083014967213,-0.44646591317957185,125.18,152.835,-27.655,-0.019608471388376313,-1.0,-0.009661910911736859,-0.056089466651043585,-0.02690745291992438,0.026907452919924402,-0.018018505502678365,0,0,0,1,0,-1.0,0.019608471388376313
2022-01-20,101.0,105.0,100.0,103.0,17357700,117.775,138.9,27.97624495092034,30.401653035848753,13968892800.0,5.062861310115059,4.915399330208795,5.0,-5.57740052849401,-5.158746517672572,-0.41865401082143805,124.0,152.29,-28.289999999999992,0.019608471388376337,1.0,-0.019608471388376313,-0.009661910911736859,-0.056089466651043585,-0.02690745291992438,0.026907452919924402,0,0,0,0,1,1.0,0.019608471388376337
2022-01-21,103.0,104.0,101.0,103.0,17009300,116.85,138.58,29.50036382469121,30.401653035848746,13968892800.0,4.915514073678269,4.772343760852689,3.0,-5.574051776304586,-5.241807569398976,-0.3322442069056102,122.86,151.745,-28.885000000000005,0.0,-1.0,0.019608471388376337,-0.019608471388376313,-0.009661910911736859,-0.056089466651043585,-0.02690745291992438,1,0,0,0,0,1.0,0.0
2022-01-24,104.0,104.0,101.0,102.0,10397100,116.025,138.27,30.9156170646213,29.28874287406733,13958495700.0,4.778691639844106,4.684991803768732,3.0,-5.587678232266654,-5.310981701972512,-0.2766965302941422,121.8,151.265,-29.46499999999999,-0.009756174945364685,-1.0,0.0,0.019608471388376337,-0.019608471388376313,-0.009661910911736859,-0.056089466651043585,1,1,0,0,0,-1.0,0.009756174945364685
2022-01-25,102.0,104.0,99.0,99.0,25505900,115.175,137.9,32.542309847862214,26.191155874082035,13932989800.0,4.794499379855241,4.842928666520445,5.0,-5.773993225031617,-5.4035840065843335,-0.3704092184472838,120.72,150.76,-30.039999999999992,-0.02985296314968116,-1.0,-0.009756174945364685,0.0,0.019608471388376337,-0.019608471388376313,-0.009661910911736859,0,1,1,0,0,-1.0,0.02985296314968116
2022-01-26,99.0,102.0,98.0,99.0,48920600,114.475,137.41,34.19973868976452,26.19115587408203,13932989800.0,4.737749424151295,4.7856054789407025,4.0,-5.854166017368485,-5.493700408741164,-0.3604656086273206,119.62,150.28,-30.659999999999997,0.0,-1.0,-0.02985296314968116,-0.009756174945364685,0.0,0.019608471388376337,-0.019608471388376313,0,0,1,1,0,-1.0,-0.0
2022-01-27,99.0,100.0,94.0,95.0,43600600,113.75,136.91,36.24645305985858,22.50983847406912,13889389200.0,4.827910179569059,5.082010715335851,6.0,-6.16935363509829,-5.62883105401259,-0.5405225810856997,118.5,149.76,-31.25999999999999,-0.041242958534049134,-1.0,0.0,-0.02985296314968116,-0.009756174945364685,0.0,0.019608471388376337,1,0,0,1,1,-1.0,0.041242958534049134
2022-01-28,95.0,96.0,90.0,95.0,58440100,113.05,136.43,38.53822067789393,22.509838474069124,13889389200.0,4.911630881028413,5.170137769503593,6.0,-6.345989476509416,-5.772262738511956,-0.5737267379974602,117.5,149.235,-31.735000000000014,0.0,-1.0,-0.041242958534049134,0.0,-0.02985296314968116,-0.009756174945364685,0.0,0,1,0,0,1,-1.0,-0.0
2022-01-31,95.0,95.0,95.0,95.0,0,112.325,136.02,40.66629060892676,22.509838474069124,13889389200.0,4.560800103812097,4.800842214539049,0.0,-6.412060412355615,-5.900222273280688,-0.5118381390749267,116.56,148.76,-32.19999999999999,0.0,-1.0,0.0,-0.041242958534049134,0.0,-0.02985296314968116,-0.009756174945364685,1,0,1,0,0,-1.0,-0.0
2022-02-02,95.0,95.0,95.0,95.0,0,111.55,135.59,42.6423555448858,22.50983847406912,13889389200.0,4.235028667825519,4.4579249135005465,0.0,-6.390753477051604,-5.998328514034872,-0.39242496301673135,115.56,148.295,-32.734999999999985,0.0,-1.0,0.0,0.0,-0.041242958534049134,0.0,-0.02985296314968116,1,1,0,1,0,-1.0,-0.0
2022-02-03,95.0,95.0,95.0,95.0,0,110.725,135.15,44.4772729854192,22.50983847406912,13889389200.0,3.932526620123696,4.139501705393364,0.0,-6.301230909767227,-6.058908993181344,-0.2423219165858832,114.62,147.795,-33.17499999999998,0.0,-1.0,0.0,0.0,0.0,-0.041242958534049134,0.0,1,1,1,0,1,-1.0,-0.0
2022-02-04,95.0,95.0,95.0,95.0,0,110.025,134.67,46.181124894485926,22.509838474069124,13889389200.0,3.6516318615434322,3.843823012150981,0.0,-6.159283246968741,-6.078983843938824,-0.08029940302991712,113.68,147.28,-33.599999999999994,0.0,-1.0,0.0,0.0,0.0,0.0,-0.041242958534049134,1,1,1,1,0,-1.0,-0.0
2022-02-07,95.0,95.0,95.0,95.0,0,109.275,134.16,47.76327309576218,22.509838474069124,13889389200.0,3.39080101429033,3.569264225568768,0.0,-5.977879428571427,-6.058762960865345,0.08088353229391831,112.78,146.76,-33.97999999999999,0.0,-1.0,0.0,0.0,0.0,0.0,0.0,1,1,1,1,1,-1.0,-0.0
2022-02-08,95.0,95.0,95.0,95.0,0,108.525,133.69,49.23241071123299,22.509838474069124,13889389200.0,3.148600941841021,3.3143167808852856,0.0,-5.767629947735102,-6.000536358239297,0.23290641050419492,111.98,146.225,-34.24499999999999,0.0,-1.0,0.0,0.0,0.0,0.0,0.0,1,1,1,1,1,-1.0,-0.0
2022-02-09,95.0,95.0,95.0,95.0,0,107.825,133.18,50.59660992559873,22.509838474069127,13889389200.0,2.9237008745666624,3.0775798679649076,0.0,-5.537176594399128,-5.907864405471264,0.3706878110721359,111.22,145.705,-34.485000000000014,0.0,-1.0,0.0,0.0,0.0,0.0,0.0,1,1,1,1,1,-1.0,-0.0
2022-02-10,95.0,95.0,95.0,95.0,0,107.15,132.7,51.86336633893835,22.509838474069124,13889389200.0,2.714865097811901,2.857752734538843,0.0,-5.293520245268098,-5.784995573430631,0.49147532816253303,110.58,145.195,-34.614999999999995,0.0,-1.0,0.0,0.0,0.0,0.0,0.0,1,1,1,1,1,-1.0,-0.0
2022-02-11,95.0,95.0,95.0,95.0,0,106.475,132.21,53.03964015132514,22.50983847406912,13889389200.0,2.520946162253908,2.6536275392146402,0.0,-5.042296379193715,-5.636455734583248,0.5941593553895332,110.0,144.69,-34.69,0.0,-1.0,0.0,0.0,0.0,0.0,0.0,1,1,1,1,1,-1.0,-0.0
2022-02-14,95.0,95.0,95.0,95.0,0,105.9,131.75,54.1318944056843,22.50983847406912,13889389200.0,2.3408785792357714,2.4640827149850226,0.0,-4.788006496893928,-5.466765887045384,0.6787593901514564,109.44,144.18,-34.74000000000001,0.0,-1.0,0.0,0.0,0.0,0.0,0.0,1,1,1,1,1,-1.0,-0.0
2022-02-15,95.0,95.0,95.0,95.0,0,105.3,131.26,55.14613049901781,22.509838474069124,13889389200.0,2.1736729664332164,2.2880768067718065,0.0,-4.53421235552635,-5.280255180741578,0.7460428252152278,108.86,143.655,-34.795,0.0,-1.0,0.0,0.0,0.0,0.0,0.0,1,1,1,1,1,-1.0,-0.0
2022-02-16,95.0,95.0,95.0,95.0,0,104.8,130.78,56.08792115711321,22.509838474069124,13889389200.0,2.0184106116879867,2.124642749145249,0.0,-4.28369885610131,-5.080943915813524,0.797245059712214,108.24,143.11,-34.87000000000002,0.0,-1.0,0.0,0.0,0.0,0.0,0.0,1,1,1,1,1,-1.0,-0.0
2022-02-17,95.0,95.0,95.0,95.0,0,104.275,130.27,56.96244105391607,22.509838474069124,13889389200.0,1.8742384251388449,1.9728825527777314,0.0,-4.038610514886798,-4.872477235628179,0.8338667207413808,107.58,142.575,-34.99499999999999,0.0,-1.0,0.0,0.0,0.0,0.0,0.0,1,1,1,1,1,-1.0,-0.0
2022-02-18,95.0,95.0,95.0,95.0,0,103.8,129.79,57.77449524380445,22.50983847406913,13889389200.0,1.7403642519146416,1.831962370436465,0.0,-3.8005656832812775,-4.658094925158799,0.8575292418775211,107.02,142.01,-34.989999999999995,0.0,-1.0,0.0,0.0,0.0,0.0,0.0,1,1,1,1,1,-1.0,-0.0
2022-02-21,95.0,95.0,95.0,95.0,0,103.375,129.16,58.528545562986515,22.509838474069127,13889389200.0,1.6160525196350244,1.7011079154052886,0.0,-3.570752032498831,-4.440626346626805,0.8698743141279746,106.42,141.475,-35.05499999999999,0.0,-1.0,0.0,0.0,0.0,0.0,0.0,1,1,1,1,1,-1.0,-0.0
2022-02-22,95.0,95.0,95.0,95.0,0,102.925,128.57,59.22873514508415,22.509838474069124,13889389200.0,1.5006201968039512,1.5796002071620538,0.0,-3.3500062715439185,-4.222502331610228,0.8724960600663092,105.82,140.95,-35.129999999999995,0.0,-1.0,0.0,0.0,0.0,0.0,0.0,1,1,1,1,1,-1.0,-0.0
2022-02-23,95.0,95.0,95.0,95.0,0,102.4,127.9,59.878911185603386,22.509838474069124,13889389200.0,1.393433039889383,1.4667716209361925,0.0,-3.1388806038836066,-4.005777986064904,0.8668973821812971,105.26,140.415,-35.15499999999999,0.0,-1.0,0.0,0.0,0.0,0.0,0.0,1,1,1,1,1,-1.0,-0.0
2022-02-24,95.0,95.0,95.0,95.0,0,101.925,127.21,60.48264608037124,22.509838474069127,13889389200.0,1.2939021084687128,1.3620022194407504,0.0,-2.9376980368690084,-3.7921619962257247,0.8544639593567163,104.72,139.895,-35.17500000000001,0.0,-1.0,0.0,0.0,0.0,0.0,0.0,1,1,1,1,1,-1.0,-0.0
2022-02-25,95.0,95.0,95.0,95.0,0,101.5,126.53,61.04325705408426,22.509838474069127,13889389200.0,1.201480529292376,1.2647163466235538,0.0,-2.7465983272493872,-3.5830492624304573,0.83645093518107,104.18,139.37,-35.19,0.0,-1.0,0.0,0.0,0.0,0.0,0.0,1,1,1,1,1,-1.0,-0.0
2022-03-01,95.0,95.0,95.0,95.0,0,101.025,125.84,61.56382438681777,22.509838474069127,13889389200.0,1.1156604914857777,1.1743794647218713,0.0,-2.565576066695556,-3.379554623283477,0.8139785565879212,103.72,138.87,-35.150000000000006,0.0,-1.0,0.0,0.0,0.0,0.0,0.0,1,1,1,1,1,-1.0,-0.0
2022-03-02,95.0,95.0,95.0,95.0,0,100.5,125.17,62.04720833864174,22.509838474069127,13889389200.0,1.0359704563796508,1.0904952172417377,0.0,-2.394512175188183,-3.182546133664418,0.7880339584762353,103.24,138.365,-35.125000000000014,0.0,-1.0,0.0,0.0,0.0,0.0,0.0,1,1,1,1,1,-1.0,-0.0
2022-03-04,95.0,95.0,95.0,95.0,0,99.925,124.49,62.49606486533543,22.509838474069124,13889389200.0,0.9619725666382472,1.0126027017244708,0.0,-2.233199870728697,-2.992676881077274,0.7594770103485771,102.84,137.865,-35.025000000000006,0.0,-1.0,0.0,0.0,0.0,0.0,0.0,1,1,1,1,1,-1.0,-0.0
2022-03-07,95.0,95.0,95.0,95.0,0,99.425,123.82,62.912860211551,22.50983847406912,13889389200.0,0.8932602404498009,0.9402739373155798,0.0,-2.0813660154316267,-2.8104147079481447,0.729048692516518,102.42,137.42,-34.999999999999986,0.0,-1.0,0.0,0.0,0.0,0.0,0.0,1,1,1,1,1,-1.0,-0.0
2022-03-08,95.0,95.0,95.0,95.0,0,98.925,123.05,63.299884461608315,22.50983847406912,13889389200.0,0.8294559375605294,0.8731115132216098,0.0,-1.938688595863482,-2.6360694855312126,0.6973808896677305,102.04,136.98,-34.93999999999998,0.0,-1.0,0.0,0.0,0.0,0.0,0.0,1,1,1,1,1,-1.0,-0.0
2022-03-09,95.0,95.0,95.0,95.0,0,98.425,122.29,63.65926412237582,22.509838474069124,13889389200.0,0.7702090848776344,0.8107464051343519,0.0,-1.8048109754512325,-2.4698177835152166,0.6650068080639842,101.7,136.565,-34.864999999999995,0.0,-1.0,0.0,0.0,0.0,0.0,0.0,1,1,1,1,1,-1.0,-0.0
2022-03-10,95.0,95.0,95.0,95.0,0,97.975,121.5,63.99297380737422,22.509838474069127,13889389200.0,0.7151941502435176,0.7528359476247554,0.0,-1.679353455464991,-2.3117249179051718,0.6323714624401808,101.34,136.155,-34.815,0.0,-1.0,0.0,0.0,0.0,0.0,0.0,1,1,1,1,1,-1.0,-0.0
2022-03-11,95.0,95.0,95.0,95.0,0,97.55,120.68,64.3028470863013,22.509838474069134,13889389200.0,0.6641088537975521,0.6990619513658444,0.0,-1.56192259558442,-2.1617644534410214,0.5998418578566014,100.92,135.79,-34.86999999999999,0.0,-1.0,0.0,0.0,0.0,0.0,0.0,1,1,1,1,1,-1.0,-0.0
2022-03-14,95.0,95.0,95.0,95.0,0,97.175,119.9,64.59058655959073,22.509838474069134,13889389200.0,0.6166725070977269,0.6491289548397126,0.0,-1.4521186729362938,-2.0198352973400757,0.5677166244037819,100.54,135.415,-34.874999999999986,0.0,-1.0,0.0,0.0,0.0,0.0,0.0,1,1,1,1,1,-1.0,-0.0
2022-03-15,95.0,95.0,95.0,95.0,0,96.725,119.13,64.8577732133595,22.50983847406913,13889389200.0,0.5726244708764607,0.6027626009225903,0.0,-1.3495415976657057,-1.8857765574052017,0.536234959739496,100.2,135.005,-34.80499999999999,0.0,-1.0,0.0,0.0,0.0,0.0,0.0,1,1,1,1,1,-1.0,-0.0
2022-03-16,95.0,95.0,95.0,95.0,0,96.35,118.45,65.10587510614478,22.50983847406913,13889389200.0,0.5317227229567135,0.5597081294281195,0.0,-1.2537955518250357,-1.7593803562891686,0.5055848044641329,99.82,134.58,-34.76000000000002,0.0,-1.0,0.0,0.0,0.0,0.0,0.0,1,1,1,1,1,-1.0,-0.0
2022-03-17,95.0,95.0,95.0,95.0,0,96.125,117.77,65.33625543515969,22.509838474069127,13889389200.0,0.49374252845980543,0.519728977326111,0.0,-1.1644925751484436,-1.6404028000610238,0.47591022491258017,99.4,134.175,-34.775000000000006,0.0,-1.0,0.0,0.0,0.0,0.0,0.0,1,1,1,1,1,-1.0,-0.0
2022-03-18,95.0,95.0,95.0,95.0,0,95.925,117.11,65.5501800263878,22.509838474069127,13889389200.0,0.45847520499839073,0.48260547894567446,0.0,-1.081255284873066,-1.5285732970234325,0.4473180121503664,98.94,133.755,-34.815,0.0,-1.0,0.0,0.0,0.0,0.0,0.0,1,1,1,1,1,-1.0,-0.0
2022-03-21,95.0,95.0,95.0,95.0,0,95.775,116.46,65.74882428967106,22.50983847406913,13889389200.0,0.42572697606993426,0.4481336590209834,0.0,-1.0037188861117556,-1.4236024148410973,0.41988352872934165,98.54,133.29,-34.749999999999986,0.0,-1.0,0.0,0.0,0.0,0.0,0.0,1,1,1,1,1,-1.0,-0.0
2022-03-22,95.0,95.0,95.0,95.0,0,95.575,115.85,65.93327967700552,22.509838474069134,13889389200.0,0.3953179063506532,0.41612411194805604,0.0,-0.9315326034798233,-1.3251884525688427,0.3936558490890194,98.14,132.825,-34.68499999999999,0.0,-1.0,0.0,0.0,0.0,0.0,0.0,1,1,1,1,1,-1.0,-0.0
2022-03-23,95.0,95.0,95.0,95.0,0,95.375,115.27,66.10455967953037,22.509838474069134,13889389200.0,0.36708091303989226,0.38640096109462346,0.0,-0.8643606429735371,-1.2330228906497815,0.36866224767624445,97.74,132.355,-34.614999999999995,0.0,-1.0,0.0,0.0,0.0,0.0,0.0,1,1,1,1,1,-1.0,-0.0
2022-03-24,95.0,95.0,95.0,95.0,0,95.2,114.67,66.26360539616059,22.50983847406913,13889389200.0,0.3408608478227571,0.35880089244500746,0.0,-0.8018827748506965,-1.1467948674899646,0.34491209263926814,97.38,131.895,-34.515000000000015,0.0,-1.0,0.0,0.0,0.0,0.0,0.0,1,1,1,1,1,-1.0,-0.0
2022-03-25,95.0,95.0,95.0,95.0,0,95.1,114.07,66.41129070446007,22.509838474069127,13889389200.0,0.3165136444068459,0.3331722572703641,0.0,-0.7437946129328026,-1.0661948165785322,0.32240020364572963,97.04,131.465,-34.425,0.0,-1.0,0.0,0.0,0.0,0.0,0.0,1,1,1,1,1,-1.0,-0.0
2022-03-28,95.0,95.0,95.0,95.0,0,95.0,113.5,66.54842706216674,22.50983847406913,13889389200.0,0.293905526949214,0.30937423889390947,0.0,-0.6898076528782155,-0.9909173838384688,0.3011097309602533,96.74,131.045,-34.30499999999999,0.0,-1.0,0.0,0.0,0.0,0.0,0.0,1,1,1,1,1,-1.0,-0.0
2022-03-29,95.0,95.0,95.0,95.0,0,95.0,112.91,66.67576796575149,22.50983847406913,13889389200.0,0.2729122750242702,0.287276078972916,0.0,-0.639649121178735,-0.9206637313065222,0.2810146101277873,96.38,130.625,-34.245000000000005,0.0,-1.0,0.0,0.0,0.0,0.0,0.0,1,1,1,1,1,-1.0,-0.0
2022-03-30,95.0,95.0,95.0,95.0,0,95.0,112.27,66.79401309050877,22.509838474069134,13889389200.0,0.25341854109396517,0.2667563590462791,0.0,-0.5930616775830941,-0.8551433205618366,0.2620816429787425,96.08,130.185,-34.105000000000004,0.0,-1.0,0.0,0.0,0.0,0.0,0.0,1,1,1,1,1,-1.0,-0.0
2022-03-31,95.0,95.0,95.0,95.0,0,95.0,111.66,66.90381213492624,22.509838474069134,13889389200.0,0.23531721673011052,0.24770233340011635,0.0,-0.5498030060755781,-0.794075257664585,0.2442722515890069,95.9,129.77,-33.870000000000005,0.0,-1.0,0.0,0.0,0.0,0.0,0.0,1,1,1,1,1,-1.0,-0.0
2022-04-01,95.0,95.0,95.0,95.0,0,95.0,111.04,67.00576839045675,22.509838474069134,13889389200.0,0.2185088441065312,0.23000930958582233,0.0,-0.5096453232012976,-0.7371892707719276,0.22754394757063,95.74,129.36,-33.62000000000002,0.0,-1.0,0.0,0.0,0.0,0.0,0.0,1,1,1,1,1,-1.0,-0.0
2022-04-04,95.0,95.0,95.0,95.0,0,95.0,110.4,67.1004420563065,22.509838474069134,13889389200.0,0.20290106952749326,0.213580073186835,0.0,-0.47237482723767243,-0.6842263820650767,0.21185155482740425,95.62,128.965,-33.345,0.0,-1.0,0.0,0.0,0.0,0.0,0.0,1,1,1,1,1,-1.0,-0.0
2022-04-05,95.0,95.0,95.0,95.0,0,95.0,109.73,67.18835331745271,22.509838474069134,13889389200.0,0.18840813598981515,0.19832435367348966,0.0,-0.4377911072976559,-0.6349393271115926,0.1971482198139367,95.46,128.585,-33.125000000000014,0.0,-1.0,0.0,0.0,0.0,0.0,0.0,1,1,1,1,1,-1.0,-0.0
2022-04-06,95.0,95.0,95.0,95.0,0,95.0,109.08,67.26998520280276,22.509838474069134,13889389200.0,0.17495041199054265,0.18415832841109753,0.0,-0.4057065277742993,-0.589092767244134,0.18338623946983468,95.3,128.23,-32.92999999999999,0.0,-1.0,0.0,0.0,0.0,0.0,0.0,1,1,1,1,1,-1.0,-0.0
2022-04-07,95.0,95.0,95.0,95.0,0,95.0,108.48,67.34578623919923,22.509838474069134,13889389200.0,0.16245395399121818,0.17100416209601912,0.0,-0.3759456004807902,-0.5464633338914652,0.170517733410675,95.16,127.9,-32.74000000000001,0.0,-1.0,0.0,0.0,0.0,0.0,0.0,1,1,1,1,1,-1.0,-0.0
2022-04-08,95.0,95.0,95.0,95.0,0,95.0,107.9,67.4161729158531,22.50983847406914,13889389200.0,0.1508501001347026,0.15878957908916064,0.0,-0.3483443543051976,-0.5068395379742117,0.15849518366901405,95.08,127.56,-32.480000000000004,0.0,-1.0,0.0,0.0,0.0,0.0,0.0,1,1,1,1,1,-1.0,-0.0
2022-04-11,95.0,95.0,95.0,95.0,0,95.0,107.31,67.48153197274597,22.50983847406914,13889389200.0,0.14007509298222384,0.14744746629707775,0.0,-0.32274971010147624,-0.4700215723996646,0.14727186229818834,95.0,127.215,-32.215,0.0,-1.0,0.0,0.0,0.0,0.0,0.0,1,1,1,1,1,-1.0,-0.0
2022-04-12,95.0,95.0,95.0,95.0,0,95.0,106.75,67.54222252557507,22.50983847406914,13889389200.0,0.1300697291977793,0.13691550441871503,0.0,-0.29901886680680434,-0.4358210312810925,0.13680216447428817,95.0,126.885,-31.885000000000005,0.0,-1.0,0.0,0.0,0.0,0.0,0.0,1,1,1,1,1,-1.0,-0.0
2022-04-13,95.0,95.0,95.0,95.0,0,95.0,106.25,67.59857803891637,22.50983847406914,13889389200.0,0.12077903425508077,0.12713582553166397,0.0,-0.2770187033502083,-0.4040605656949157,0.12704186234470743,95.0,126.56,-31.560000000000002,0.0,-1.0,0.0,0.0,0.0,0.0,0.0,1,1,1,1,1,-1.0,-0.0
2022-04-14,95.0,95.0,95.0,95.0,0,95.0,105.78,67.65090815844759,22.50983847406914,13889389200.0,0.11215196037971786,0.11805469513654512,0.0,-0.2566251997491804,-0.3745734925057687,0.1179482927565883,95.0,126.285,-31.284999999999997,0.0,-1.0,0.0,0.0,0.0,0.0,0.0,1,1,1,1,1,-1.0,-0.0
2022-04-18,95.0,95.0,95.0,95.0,0,95.0,105.28,67.69950041229801,22.509838474069145,13889389200.0,0.10414110606688087,0.10962221691250618,0.0,-0.2377228798366957,-0.34720336997195417,0.10948049013525846,95.0,126.0,-31.0,0.0,-1.0,0.0,0.0,0.0,0.0,0.0,1,1,1,1,1,-1.0,-0.0
2022-04-19,95.0,95.0,95.0,95.0,0,95.0,104.81,67.7446217908734,22.509838474069145,13889389200.0,0.09670245563353223,0.10179205856161289,0.0,-0.22020427728602954,-0.32180355143476924,0.1015992741487397,95.0,125.72,-30.72,0.0,-1.0,0.0,0.0,0.0,0.0,0.0,1,1,1,1,1,-1.0,-0.0
2022-04-20,95.0,95.0,95.0,95.0,0,95.0,104.34,67.78652021383625,22.509838474069145,13889389200.0,0.08979513737399422,0.0945211972357834,0.0,-0.20396942597385248,-0.2982367263425859,0.09426730036873343,95.0,125.44,-30.439999999999998,0.0,-1.0,0.0,0.0,0.0,0.0,0.0,1,1,1,1,1,-1.0,-0.0
2022-04-21,95.0,95.0,95.0,95.0,0,95.0,103.89,67.82542589230177,22.509838474069145,13889389200.0,0.08338119899013749,0.08776968314751314,0.0,-0.18892537521958275,-0.2763744561179853,0.08744908089840253,95.0,125.16,-30.159999999999997,0.0,-1.0,0.0,0.0,0.0,0.0,0.0,1,1,1,1,1,-1.0,-0.0
2022-04-22,95.0,95.0,95.0,95.0,0,95.0,103.49,67.86155259373403,22.509838474069138,13889389200.0,0.07742539906227053,0.08150042006554792,0.0,-0.17498573003923923,-0.25609671090223607,0.08111098086299684,95.0,124.905,-29.905,0.0,-1.0,0.0,0.0,0.0,0.0,0.0,1,1,1,1,1,-1.0,-0.0
2022-04-25,95.0,95.0,95.0,95.0,0,95.0,103.11,67.89509881649256,22.509838474069138,13889389200.0,0.0718950134149655,0.07567896148943737,0.0,-0.16207021623652906,-0.23729141196909467,0.07522119573256561,95.0,124.645,-29.644999999999996,0.0,-1.0,0.0,0.0,0.0,0.0,0.0,1,1,1,1,1,-1.0,-0.0
2022-04-26,95.0,95.0,95.0,95.0,0,95.0,102.79,67.92624888048262,22.509838474069134,13889389200.0,0.06675965531389653,0.07027332138304898,0.0,-0.1501042699097752,-0.2198539835572308,0.06974971364745558,95.0,124.39,-29.39,0.0,-1.0,0.0,0.0,0.0,0.0,0.0,1,1,1,1,1,-1.0,-0.0
2022-04-27,95.0,95.0,95.0,95.0,0,95.0,102.5,67.95517393990197,22.509838474069138,13889389200.0,0.06199110850576107,0.06525379842711691,0.0,-0.13901865076591946,-0.20368691699896854,0.06466826623304908,95.0,124.14,-29.14,0.0,-1.0,0.0,0.0,0.0,0.0,0.0,1,1,1,1,1,-1.0,-0.0
2022-04-28,95.0,95.0,95.0,95.0,0,95.0,102.22,67.9820329236485,22.509838474069134,13889389200.0,0.05756317218392099,0.06059281282518,0.0,-0.1287490784934846,-0.18869934929787177,0.05995027080438717,95.0,123.89,-28.89,0.0,-1.0,0.0,0.0,0.0,0.0,0.0,1,1,1,1,1,-1.0,-0.0
2022-05-09,95.0,95.0,95.0,95.0,0,95.0,101.93,68.006973408556,22.509838474069134,13889389200.0,0.05345151702792663,0.05626475476623856,0.0,-0.11923589134563883,-0.1748066577074252,0.05557076636178637,95.0,123.65,-28.650000000000006,0.0,-1.0,0.0,0.0,0.0,0.0,0.0,1,1,1,1,1,-1.0,-0.0
2022-05-10,95.0,95.0,95.0,95.0,0,95.0,101.62,68.0301324302558,22.509838474069134,13889389200.0,0.049633551525931865,0.05224584371150723,0.0,-0.11042372601504269,-0.1619300713689487,0.051506345353906025,95.0,123.425,-28.424999999999997,0.0,-1.0,0.0,0.0,0.0,0.0,0.0,1,1,1,1,1,-1.0,-0.0
2022-05-11,95.0,95.0,95.0,95.0,0,95.0,101.29,68.05163723611992,22.509838474069134,13889389200.0,0.046088297845508164,0.04851399773211386,0.0,-0.10226121783846054,-0.14999630066285108,0.04773508282439054,95.0,123.195,-28.194999999999993,0.0,-1.0,0.0,0.0,0.0,0.0,0.0,1,1,1,1,1,-1.0,-0.0
2022-05-12,95.0,95.0,95.0,95.0,0,95.0,101.01,68.0716059844223,22.509838474069138,13889389200.0,0.04279627657082901,0.04504871217982001,0.0,-0.0947007203458412,-0.13893718459944912,0.044236464253607916,95.0,122.97,-27.97,0.0,-1.0,0.0,0.0,0.0,0.0,0.0,1,1,1,1,1,-1.0,-0.0
2022-05-13,95.0,95.0,95.0,95.0,0,95.0,100.71,68.09014839356024,22.509838474069134,13889389200.0,0.03973939967291266,0.04183094702411859,0.0,-0.087698043161069,-0.12868935631177308,0.04099131315070409,95.0,122.745,-27.745000000000005,0.0,-1.0,0.0,0.0,0.0,0.0,0.0,1,1,1,1,1,-1.0,-0.0
2022-05-17,95.0,95.0,95.0,95.0,0,95.0,100.41,68.1073663449026,22.509838474069138,13889389200.0,0.03690087112484747,0.03884302223668154,0.0,-0.08121220726803813,-0.11919392650302608,0.03798171923498796,95.0,122.56,-27.560000000000002,0.0,-1.0,0.0,0.0,0.0,0.0,0.0,1,1,1,1,1,-1.0,-0.0
2022-05-18,95.0,95.0,95.0,95.0,0,95.0,100.13,68.12335444257766,22.509838474069134,13889389200.0,0.03426509461592979,0.03606852064834715,0.0,-0.07520521667072444,-0.11039618453656576,0.03519096786584132,95.0,122.335,-27.334999999999994,0.0,-1.0,0.0,0.0,0.0,0.0,0.0,1,1,1,1,1,-1.0,-0.0
2022-05-19,95.0,95.0,95.0,95.0,0,95.0,99.86,68.13820053327593,22.509838474069134,13889389200.0,0.03181758785764909,0.03349219774489378,0.0,-0.06964184549995878,-0.10224531672924436,0.032603471229285585,95.0,122.11,-27.11,0.0,-1.0,0.0,0.0,0.0,0.0,0.0,1,1,1,1,1,-1.0,-0.0
2022-05-20,95.0,95.0,95.0,95.0,0,95.0,99.59,68.15198618892433,22.509838474069134,13889389200.0,0.029544903010674157,0.031099897905972798,0.0,-0.06448943964819875,-0.09469414131303525,0.030204701664836492,95.0,121.895,-26.894999999999996,0.0,-1.0,0.0,0.0,0.0,0.0,0.0,1,1,1,1,1,-1.0,-0.0
